booking_id,passenger_id,flight_id,booking_date,passport_number,seat_number,emergency_contact_name,emergency_contact_phone,booking_status
B1000,P1591,AI192,2025-06-14 11:37:36.951,****5887,3D,I***,******5128,CANCELLED
B1001,P1803,6F026,2025-11-02 11:37:36.951,****2012,18A,A***,******8662,CANCELLED
B1002,P1083,SJ010,2025-08-25 11:37:36.951,****7659,30C,U***,******8220,CANCELLED
B1003,P1364,AI069,2025-12-30 11:37:36.951,****1776,33A,H***,******6839,CONFIRMED
B1004,P1885,UK003,2025-10-02 11:37:36.951,****2231,25C,P***,******8266,PENDING
B1005,P1548,AI048,2025-08-31 11:37:36.951,****2369,13D,A***,******2726,CONFIRMED
B1006,P1341,AI140,2025-06-29 11:37:36.951,****0120,17F,T***,******7864,CANCELLED
B1007,P1838,UK167,2026-03-12 11:37:36.951,****7117,22E,Y***,******5776,CONFIRMED
B1008,P1406,AI245,2025-09-07 11:37:36.951,****5582,34F,R***,******8807,PENDING
B1009,P1424,SJ158,2025-04-28 11:37:36.951,****6745,33C,T***,******6278,CANCELLED
B1010,P1743,AI155,2025-11-24 11:37:36.951,****4128,15B,A***,******9414,CONFIRMED
B1011,P1092,AI179,2025-10-25 11:37:36.951,****5666,22C,N***,******6153,CONFIRMED
B1012,P1847,AI137,2025-08-15 11:37:36.951,****5066,28B,H***,******6860,PENDING
B1013,P1613,SJ001,2025-07-20 11:37:36.951,****4377,26E,N***,******6561,CONFIRMED
B1014,P1411,SJ172,2025-09-15 11:37:36.951,****9252,21E,G***,******9979,PENDING
B1015,P1431,UK094,2025-10-21 11:37:36.951,****2867,6F,G***,******5012,UNKNOWN
B1016,P1677,UK027,2026-01-13 11:37:36.951,****2455,6A,G***,******0204,CANCELLED
B1017,P1158,UK067,2026-04-04 11:37:36.951,****1090,13B,H***,******8257,CONFIRMED
B1018,P1013,6F196,2026-03-25 11:37:36.951,****4981,19B,C***,******0106,CANCELLED
B1019,P1372,6F164,2025-07-31 11:37:36.951,****1793,19A,J***,******0835,CANCELLED
B1020,P1224,SJ112,2025-12-06 11:37:36.951,****8446,27B,F***,******6249,CONFIRMED
B1021,P1504,6F190,2025-12-07 11:37:36.951,****2201,4E,J***,******0161,CANCELLED
B1022,P1072,AI080,2026-03-25 11:37:36.951,****1455,16F,E***,******7221,CONFIRMED
B1023,P1248,6F213,2026-02-03 11:37:36.951,****4370,24B,V***,******9325,PENDING
B1024,P1510,AI115,2025-06-21 11:37:36.951,****4627,30F,F***,******8072,PENDING
B1025,P1602,SJ049,2026-03-18 11:37:36.951,****6592,1B,H***,******2966,PENDING
B1026,P1215,AI058,2025-06-27 11:37:36.951,****0238,32C,A***,******6345,CONFIRMED
B1027,P1972,UK036,2025-07-25 11:37:36.951,****5595,22A,J***,******0795,CONFIRMED
B1028,P1601,SJ239,2025-05-25 11:37:36.951,****5848,26E,K***,******0757,CANCELLED
B1029,P1540,6F025,2025-06-06 11:37:36.951,****4870,19C,S***,******4016,CANCELLED
B1030,P1946,6F236,2026-03-18 11:37:36.951,****7993,21E,E***,******1429,CANCELLED
B1031,P1816,AI060,2025-11-16 11:37:36.951,****9464,1E,Y***,******3949,CANCELLED
B1032,P1938,UK021,2025-09-03 11:37:36.951,****0601,18E,T***,******8599,CANCELLED
B1033,P1987,UK026,2025-05-06 11:37:36.951,****7938,19A,A***,******4041,UNKNOWN
B1034,P1219,SJ179,2025-12-31 11:37:36.951,****3061,22F,E***,******0606,CONFIRMED
B1035,P1839,6F251,2025-08-21 11:37:36.951,****2446,11D,V***,******1517,PENDING
B1036,P1726,SJ149,2025-11-24 11:37:36.951,****4881,5B,D***,******3647,PENDING
B1037,P1220,AI188,2026-03-20 11:37:36.951,****1751,33E,A***,******5418,PENDING
B1038,P1388,SJ093,2026-01-01 11:37:36.951,****1515,12D,S***,******6192,PENDING
B1039,P1553,SJ205,2025-08-21 11:37:36.951,****1225,11E,S***,******9854,CONFIRMED
B1040,P1646,6F099,2025-08-08 11:37:36.951,****6618,26B,M***,******5230,CONFIRMED
B1041,P1041,UK176,2025-05-28 11:37:36.951,****3787,25C,L***,******6035,CONFIRMED
B1042,P1675,UK200,2025-12-02 11:37:36.951,****0950,24F,L***,******5890,CANCELLED
B1043,P1872,6F195,2025-11-22 11:37:36.951,****2198,8E,A***,******1388,CANCELLED
B1044,P1282,6F174,2026-04-12 11:37:36.951,****1905,16C,M***,******0954,PENDING
B1045,P1057,SJ214,2026-03-19 11:37:36.951,****2462,18C,T***,******3432,UNKNOWN
B1046,P1813,UK059,2025-10-14 11:37:36.951,****4460,2C,Y***,******1874,CONFIRMED
B1047,P1833,6F151,2025-12-29 11:37:36.951,****9151,7C,G***,******4608,PENDING
B1048,P1536,SJ236,2025-09-19 11:37:36.951,****9130,18C,I***,******4278,PENDING
B1049,P1072,SJ153,2025-07-28 11:37:36.951,****8416,3C,N***,******3067,UNKNOWN
B1050,P1884,AI220,2026-01-15 11:37:36.951,****1190,7D,D***,******4482,PENDING
B1051,P1922,6F028,2025-07-05 11:37:36.951,****4298,16A,L***,******6443,CANCELLED
B1052,P1128,UK209,2025-12-30 11:37:36.951,****7322,33B,Z***,******6326,CANCELLED
B1053,P1598,UK216,2026-04-01 11:37:36.951,****7830,28B,I***,******5009,PENDING
B1054,P1841,AI132,2026-04-11 11:37:36.951,****6969,19C,A***,******8191,CANCELLED
B1055,P1425,6F012,2025-10-14 11:37:36.951,****7016,13F,I***,******7684,CANCELLED
B1056,P1947,UK173,2026-03-24 11:37:36.951,****1320,15B,R***,******6381,CANCELLED
B1057,P1664,SJ047,2025-08-20 11:37:36.951,****4190,14F,S***,******4263,CANCELLED
B1058,P1693,SJ043,2025-12-07 11:37:36.951,****3722,8C,A***,******4081,PENDING
B1059,P1124,UK140,2026-01-03 11:37:36.951,****3236,23B,P***,******0433,CONFIRMED
B1060,P1066,6F086,2025-12-30 11:37:36.951,****4067,11A,H***,******7113,CONFIRMED
B1061,P1005,6F114,2026-04-05 11:37:36.951,****6142,19C,Y***,******7530,CANCELLED
B1062,P1636,UK153,2025-06-12 11:37:36.951,****9754,15D,M***,******7050,CANCELLED
B1063,P1313,6F149,2025-05-19 11:37:36.951,****2737,9A,N***,******0081,CANCELLED
B1064,P1325,UK145,2025-09-14 11:37:36.951,****8214,24E,A***,******2918,CONFIRMED
B1065,P1564,UK010,2026-03-06 11:37:36.951,****6019,7B,V***,******8991,CANCELLED
B1066,P1577,SJ003,2025-11-05 11:37:36.951,****8278,1B,I***,******8025,PENDING
B1067,P1825,SJ160,2025-07-23 11:37:36.951,****0732,7F,D***,******9825,PENDING
B1068,P1505,UK224,2025-11-22 11:37:36.951,****3699,23A,D***,******9882,PENDING
B1069,P1081,UK152,2025-08-02 11:37:36.951,****0557,16E,F***,******6369,CONFIRMED
B1070,P1598,SJ034,2025-09-22 11:37:36.951,****1192,15D,V***,******3428,CANCELLED
B1071,P1001,UK215,2025-12-21 11:37:36.951,****1872,15F,J***,******0870,CANCELLED
B1072,P1203,UK089,2025-08-10 11:37:36.951,****0961,18F,V***,******2708,CANCELLED
B1073,P1661,6F180,2025-12-04 11:37:36.951,****1149,16A,A***,******4571,CONFIRMED
B1074,P1804,6F188,2025-09-25 11:37:36.951,****7365,7A,P***,******6104,CONFIRMED
B1075,P1403,UK131,2026-01-03 11:37:36.951,****5782,2F,S***,******7796,CONFIRMED
B1076,P1102,UK055,2025-05-04 11:37:36.951,****2230,12B,M***,******9350,CONFIRMED
B1077,P1535,UK181,2025-05-03 11:37:36.951,****7392,3A,R***,******9292,PENDING
B1078,P1367,6F077,2025-09-21 11:37:36.951,****1276,1B,S***,******0016,CONFIRMED
B1079,P1211,SJ085,2025-06-03 11:37:36.951,****1231,10D,Y***,******8019,CONFIRMED
B1080,P1576,SJ023,2025-06-05 11:37:36.951,****8899,22D,D***,******0958,CONFIRMED
B1081,P1960,SJ202,2025-11-13 11:37:36.951,****7629,29C,A***,******8400,CANCELLED
B1082,P1208,SJ150,2025-09-09 11:37:36.951,****6468,30A,T***,******4669,CANCELLED
B1083,P1762,SJ116,2025-05-12 11:37:36.951,****1876,9A,E***,******4087,CANCELLED
B1084,P1896,6F270,2025-06-14 11:37:36.951,****8981,16E,V***,******8688,PENDING
B1085,P1116,UK150,2026-03-24 11:37:36.951,****4582,12A,A***,******9329,PENDING
B1086,P1627,SJ237,2026-02-16 11:37:36.951,****8297,5D,E***,******3483,CONFIRMED
B1087,P1748,AI221,2025-05-08 11:37:36.951,****5000,2F,W***,******8674,CANCELLED
B1088,P1477,SJ081,2026-03-25 11:37:36.951,****9113,31A,V***,******7433,PENDING
B1089,P1104,UK189,2025-09-03 11:37:36.951,****0255,25F,K***,******1422,CANCELLED
B1090,P1494,SJ068,2025-05-16 11:37:36.951,****2182,31C,X***,******1775,PENDING
B1091,P1770,6F043,2025-08-18 11:37:36.951,****8905,25D,N***,******1387,PENDING
B1092,P1045,UK187,2026-03-18 11:37:36.951,****9004,16D,G***,******6973,CONFIRMED
B1093,P1822,UK074,2025-05-11 11:37:36.951,****4826,25E,R***,******0231,CONFIRMED
B1094,P1330,UK004,2026-01-07 11:37:36.951,****3550,24C,P***,******7557,PENDING
B1095,P1215,6F194,2025-07-30 11:37:36.951,****0706,14B,U***,******2655,CONFIRMED
B1096,P1981,UK068,2026-01-03 11:37:36.951,****5098,12B,G***,******8767,PENDING
B1097,P1959,6F017,2025-08-26 11:37:36.951,****4818,34F,N***,******9257,UNKNOWN
B1098,P1491,6F245,2025-10-15 11:37:36.951,****7738,13D,I***,******0675,UNKNOWN
B1099,P1812,6F254,2025-12-07 11:37:36.951,****3212,26E,R***,******5408,CONFIRMED
B1100,P1921,UK077,2026-03-05 11:37:36.951,****6420,16D,S***,******2423,CONFIRMED
B1101,P1844,AI029,2025-07-19 11:37:36.951,****4417,3D,P***,******0041,CONFIRMED
B1102,P1448,SJ196,2025-10-06 11:37:36.951,****4026,15F,A***,******7824,UNKNOWN
B1103,P1535,AI242,2025-08-08 11:37:36.951,****0176,20D,Z***,******0195,CANCELLED
B1104,P1510,AI242,2025-09-12 11:37:36.951,****0315,16E,S***,******1992,CANCELLED
B1105,P1457,SJ044,2025-09-11 11:37:36.951,****9050,19F,C***,******2865,CONFIRMED
B1106,P1546,UK063,2025-09-01 11:37:36.951,****5384,21F,A***,******7368,CONFIRMED
B1107,P1535,AI056,2025-05-19 11:37:36.951,****1978,30F,W***,******1339,CONFIRMED
B1108,P1539,UK207,2025-10-11 11:37:36.951,****9137,14B,N***,******0049,CANCELLED
B1109,P1483,UK166,2025-12-03 11:37:36.951,****0119,33D,V***,******1363,CANCELLED
B1110,P1975,6F261,2025-12-17 11:37:36.951,****8800,12B,N***,******8743,PENDING
B1111,P1999,UK134,2025-12-25 11:37:36.951,****6182,34A,N***,******0327,CANCELLED
B1112,P1015,6F152,2025-10-02 11:37:36.951,****4491,27A,A***,******0611,PENDING
B1113,P1570,SJ089,2025-11-23 11:37:36.951,****0149,5A,A***,******3389,CONFIRMED
B1114,P1976,6F123,2025-09-26 11:37:36.951,****6875,2E,B***,******8435,CANCELLED
B1115,P1242,AI025,2025-08-23 11:37:36.951,****3998,10A,V***,******1024,CONFIRMED
B1116,P1949,6F030,2025-12-05 11:37:36.951,****1140,19B,R***,******1177,CONFIRMED
B1117,P1206,SJ222,2025-09-02 11:37:36.951,****3766,28F,T***,******6273,CONFIRMED
B1118,P1911,UK109,2026-04-03 11:37:36.951,****0030,34B,D***,******2542,CONFIRMED
B1119,P1270,SJ117,2025-11-25 11:37:36.951,****6271,21F,D***,******5920,CANCELLED
B1120,P1760,SJ142,2025-08-12 11:37:36.951,****5068,12D,V***,******9377,CONFIRMED
B1121,P1993,SJ142,2025-06-01 11:37:36.951,****2938,17C,N***,******9980,PENDING
B1122,P1778,AI030,2025-05-02 11:37:36.951,****8735,20B,Y***,******0459,CANCELLED
B1123,P1704,6F097,2025-09-23 11:37:36.951,****0335,8A,Q***,******3440,CONFIRMED
B1124,P1846,6F129,2025-05-23 11:37:36.951,****0859,5C,E***,******1753,CANCELLED
B1125,P1729,6F181,2026-01-15 11:37:36.951,****9269,27E,N***,******5564,PENDING
B1126,P1114,AI072,2025-10-20 11:37:36.951,****7184,10E,Y***,******6718,CONFIRMED
B1127,P1579,SJ154,2025-06-29 11:37:36.951,****5914,2E,F***,******6141,PENDING
B1128,P1298,AI031,2026-04-08 11:37:36.951,****1234,10D,D***,******9264,CONFIRMED
B1129,P1836,AI031,2025-09-18 11:37:36.951,****0872,26F,S***,******4894,PENDING
B1130,P1482,6F158,2025-12-26 11:37:36.951,****3483,34E,W***,******1553,CONFIRMED
B1131,P1396,6F184,2025-06-16 11:37:36.951,****2804,1C,M***,******6703,CANCELLED
B1132,P1393,UK141,2025-06-20 11:37:36.951,****6508,10D,C***,******2875,CONFIRMED
B1133,P1074,6F168,2025-12-29 11:37:36.951,****8696,23D,D***,******2496,CANCELLED
B1134,P1977,6F051,2025-07-28 11:37:36.951,****6123,34C,A***,******9254,CONFIRMED
B1135,P1481,6F047,2025-12-02 11:37:36.951,****6823,20E,H***,******6706,CONFIRMED
B1136,P1102,UK156,2025-10-26 11:37:36.951,****3008,28E,T***,******2968,PENDING
B1137,P1296,AI094,2025-09-01 11:37:36.951,****8311,13E,A***,******1393,PENDING
B1138,P1177,AI038,2025-07-14 11:37:36.951,****8094,6C,I***,******1934,PENDING
B1139,P1214,6F255,2026-01-19 11:37:36.951,****2839,29F,Y***,******2157,CONFIRMED
B1140,P1966,SJ025,2026-01-23 11:37:36.951,****4407,29D,B***,******1700,CONFIRMED
B1141,P1314,SJ185,2025-10-28 11:37:36.951,****6629,9C,R***,******5455,CONFIRMED
B1142,P1038,6F259,2026-01-21 11:37:36.951,****0299,5C,A***,******4971,CANCELLED
B1143,P1258,6F073,2026-04-07 11:37:36.951,****3337,15A,H***,******9840,CANCELLED
B1144,P1715,AI091,2025-09-26 11:37:36.951,****6178,6D,A***,******7996,CONFIRMED
B1145,P1006,6F191,2025-08-23 11:37:36.951,****2061,15D,H***,******6715,PENDING
B1146,P1048,UK228,2025-08-30 11:37:36.951,****7895,25A,A***,******8150,PENDING
B1147,P1537,6F146,2026-03-25 11:37:36.951,****4490,11E,S***,******9430,PENDING
B1148,P1160,6F068,2025-10-13 11:37:36.951,****0164,19A,S***,******0672,CONFIRMED
B1149,P1868,SJ218,2026-01-08 11:37:36.951,****7812,30F,Y***,******2528,PENDING
B1150,P1175,UK083,2025-09-25 11:37:36.951,****0217,12A,Z***,******2234,CONFIRMED
B1151,P1590,SJ007,2026-01-18 11:37:36.951,****8579,29B,G***,******9085,CANCELLED
B1152,P1001,AI077,2025-08-14 11:37:36.951,****8285,27A,A***,******8402,PENDING
B1153,P1894,UK017,2025-12-20 11:37:36.951,****9866,8D,A***,******9050,CANCELLED
B1154,P1454,6F229,2026-02-17 11:37:36.951,****6820,24A,K***,******7005,PENDING
B1155,P1927,6F074,2025-10-08 11:37:36.951,****3552,6D,N***,******5900,CONFIRMED
B1156,P1643,SJ088,2026-03-25 11:37:36.951,****4692,5E,P***,******8235,CONFIRMED
B1157,P1275,SJ167,2025-06-28 11:37:36.951,****6790,18B,I***,******0380,CONFIRMED
B1158,P1497,6F234,2025-07-20 11:37:36.951,****0220,22A,M***,******3787,CONFIRMED
B1159,P1628,UK071,2025-12-10 11:37:36.951,****8424,22F,K***,******1686,PENDING
B1160,P1675,AI178,2025-11-21 11:37:36.951,****8870,29A,Q***,******5204,CANCELLED
B1161,P1799,UK104,2025-11-14 11:37:36.951,****6738,12A,B***,******1674,CONFIRMED
B1162,P1027,AI146,2025-04-22 11:37:36.951,****7798,32D,J***,******9690,UNKNOWN
B1163,P1332,SJ235,2025-11-10 11:37:36.951,****2258,13D,I***,******2987,CANCELLED
B1164,P1000,6F209,2025-04-24 11:37:36.951,****0623,24A,Z***,******2471,CONFIRMED
B1165,P1187,AI129,2025-08-20 11:37:36.951,****5790,2F,I***,******2367,CANCELLED
B1166,P1055,SJ141,2026-01-23 11:37:36.951,****5442,34D,M***,******7690,CONFIRMED
B1167,P1546,SJ018,2026-02-02 11:37:36.951,****9423,9F,N***,******6854,CANCELLED
B1168,P1111,UK120,2025-10-14 11:37:36.951,****9156,11C,N***,******3269,CANCELLED
B1169,P1797,AI078,2025-11-15 11:37:36.951,****7256,11E,P***,******7397,CONFIRMED
B1170,P1309,AI079,2025-09-14 11:37:36.951,****8951,15E,N***,******4039,PENDING
B1171,P1035,UK087,2025-09-19 11:37:36.951,****7846,21A,A***,******5830,CANCELLED
B1172,P1438,UK133,2026-01-17 11:37:36.951,****0349,8F,H***,******9600,CONFIRMED
B1173,P1728,AI222,2025-06-01 11:37:36.951,****2038,22E,B***,******0197,CANCELLED
B1174,P1591,6F049,2026-04-12 11:37:36.951,****6415,19D,T***,******4287,CANCELLED
B1175,P1825,6F105,2026-01-29 11:37:36.951,****2593,27D,T***,******0363,PENDING
B1176,P1594,SJ226,2025-04-17 11:37:36.951,****0942,7C,D***,******7327,CANCELLED
B1177,P1576,SJ227,2025-07-29 11:37:36.951,****9819,34D,U***,******0863,CANCELLED
B1178,P1324,6F034,2026-02-05 11:37:36.951,****5238,34E,R***,******2098,CONFIRMED
B1179,P1639,SJ078,2025-10-03 11:37:36.951,****6605,33D,F***,******5466,CONFIRMED
B1180,P1306,AI240,2026-04-10 11:37:36.951,****2758,22F,E***,******9558,PENDING
B1181,P1533,SJ002,2026-03-29 11:37:36.951,****5594,12E,I***,******9169,CANCELLED
B1182,P1727,AI044,2025-08-11 11:37:36.951,****5020,3A,M***,******4521,CANCELLED
B1183,P1618,UK076,2025-06-22 11:37:36.951,****3132,8C,G***,******8652,CANCELLED
B1184,P1108,6F232,2025-08-01 11:37:36.951,****7083,28E,J***,******6490,PENDING
B1185,P1371,SJ228,2025-08-16 11:37:36.951,****8896,25E,P***,******6542,CANCELLED
B1186,P1356,SJ074,2026-04-04 11:37:36.951,****7462,1B,B***,******4213,CONFIRMED
B1187,P1180,UK229,2025-08-04 11:37:36.951,****1832,7F,R***,******5908,PENDING
B1188,P1355,AI208,2026-04-04 11:37:36.951,****2049,6A,D***,******9782,CONFIRMED
B1189,P1675,AI019,2025-11-23 11:37:36.951,****6472,14F,Y***,******8556,CONFIRMED
B1190,P1067,6F029,2025-05-23 11:37:36.951,****6817,12B,L***,******1523,PENDING
B1191,P1291,6F018,2025-04-27 11:37:36.951,****8472,25B,A***,******2358,CONFIRMED
B1192,P1691,AI059,2025-06-23 11:37:36.951,****7683,7D,R***,******5924,CANCELLED
B1193,P1180,AI159,2025-05-22 11:37:36.951,****2173,13D,Z***,******0978,PENDING
B1194,P1465,6F091,2025-07-11 11:37:36.951,****5222,14F,R***,******6626,CONFIRMED
B1195,P1433,6F084,2025-07-20 11:37:36.951,****1438,10B,R***,******6166,CANCELLED
B1196,P1463,UK170,2026-01-15 11:37:36.951,****8358,20C,G***,******4596,CANCELLED
B1197,P1680,UK212,2025-05-19 11:37:36.951,****2643,2E,J***,******7338,CONFIRMED
B1198,P1913,SJ022,2025-06-16 11:37:36.951,****1279,29A,Y***,******2983,UNKNOWN
B1199,P1533,SJ075,2025-12-13 11:37:36.951,****0539,30E,N***,******7632,PENDING
B1200,P1065,UK177,2025-09-17 11:37:36.951,****2988,16B,N***,******8921,CONFIRMED
B1201,P1020,UK206,2026-02-01 11:37:36.951,****0832,3A,J***,******4055,CANCELLED
B1202,P1611,UK079,2025-04-29 11:37:36.951,****8889,29C,O***,******6263,CANCELLED
B1203,P1383,UK040,2025-06-21 11:37:36.951,****3860,3B,O***,******0009,CONFIRMED
B1204,P1811,AI034,2025-07-25 11:37:36.951,****9951,30A,N***,******2075,CONFIRMED
B1205,P1614,UK034,2025-10-18 11:37:36.951,****0292,23F,D***,******4339,CONFIRMED
B1206,P1558,AI088,2025-07-02 11:37:36.951,****8309,13A,S***,******2395,CONFIRMED
B1207,P1038,AI128,2025-06-11 11:37:36.951,****1912,26A,E***,******6415,PENDING
B1208,P1284,SJ052,2025-07-22 11:37:36.951,****1767,9A,R***,******2858,UNKNOWN
B1209,P1821,AI233,2025-12-15 11:37:36.951,****6122,3A,T***,******6064,PENDING
B1210,P1601,AI012,2026-01-20 11:37:36.951,****3393,3C,U***,******4358,PENDING
B1211,P1596,AI084,2025-07-07 11:37:36.951,****0274,34A,F***,******5378,CONFIRMED
B1212,P1784,6F126,2025-07-08 11:37:36.951,****4086,34B,Y***,******6819,PENDING
B1213,P1335,SJ061,2025-06-16 11:37:36.951,****9462,2E,G***,******1107,CONFIRMED
B1214,P1187,UK194,2025-08-14 11:37:36.951,****0399,23B,D***,******9571,UNKNOWN
B1215,P1670,AI135,2025-08-08 11:37:36.951,****1243,28C,R***,******3317,CANCELLED
B1216,P1242,6F238,2025-12-09 11:37:36.951,****3041,10A,A***,******5129,CONFIRMED
B1217,P1072,6F092,2026-03-19 11:37:36.951,****9273,32C,Y***,******8927,CANCELLED
B1218,P1478,AI213,2025-11-13 11:37:36.951,****1669,2D,E***,******3132,PENDING
B1219,P1973,UK193,2026-02-15 11:37:36.951,****5542,1B,O***,******0964,CANCELLED
B1220,P1560,6F178,2026-04-04 11:37:36.951,****9567,29C,L***,******2559,PENDING
B1221,P1100,AI158,2026-03-06 11:37:36.951,****7955,19D,M***,******5218,CONFIRMED
B1222,P1513,UK208,2026-03-30 11:37:36.951,****4760,8A,M***,******5907,PENDING
B1223,P1755,6F056,2026-04-09 11:37:36.951,****3068,15A,H***,******4660,UNKNOWN
B1224,P1175,UK185,2025-10-26 11:37:36.951,****6808,1E,T***,******9317,CONFIRMED
B1225,P1237,AI163,2026-01-13 11:37:36.951,****9015,4D,Z***,******1229,PENDING
B1226,P1909,AI112,2025-08-23 11:37:36.951,****1307,15C,C***,******3124,CONFIRMED
B1227,P1058,AI227,2025-10-23 11:37:36.951,****7436,12A,J***,******8218,CANCELLED
B1228,P1864,SJ083,2026-04-17 11:37:36.951,****5885,29D,K***,******2235,CONFIRMED
B1229,P1098,UK073,2026-02-07 11:37:36.951,****1805,13F,E***,******1227,CONFIRMED
B1230,P1953,6F169,2025-04-29 11:37:36.951,****6662,6C,Y***,******2051,PENDING
B1231,P1870,UK154,2026-04-06 11:37:36.951,****0046,27D,S***,******5590,CANCELLED
B1232,P1953,SJ169,2025-10-06 11:37:36.951,****1079,32F,V***,******1252,CONFIRMED
B1233,P1494,6F187,2025-05-13 11:37:36.951,****9388,5F,A***,******9119,CANCELLED
B1234,P1946,UK210,2025-11-21 11:37:36.951,****5204,33A,A***,******4349,CANCELLED
B1235,P1979,6F250,2025-12-23 11:37:36.951,****8731,13D,V***,******0345,PENDING
B1236,P1513,AI062,2025-07-05 11:37:36.951,****8416,25A,A***,******2732,CONFIRMED
B1237,P1754,AI047,2025-11-16 11:37:36.951,****7943,15B,F***,******1042,UNKNOWN
B1238,P1296,SJ186,2025-10-20 11:37:36.951,****9499,8E,W***,******4048,UNKNOWN
B1239,P1210,AI217,2025-11-17 11:37:36.951,****6203,30A,G***,******8284,CANCELLED
B1240,P1122,UK100,2025-12-31 11:37:36.951,****6020,17A,F***,******5606,CONFIRMED
B1241,P1228,UK116,2025-12-16 11:37:36.951,****9897,10A,M***,******1868,CONFIRMED
B1242,P1593,6F036,2025-12-01 11:37:36.951,****4801,26C,L***,******3494,CANCELLED
B1243,P1655,AI175,2026-01-22 11:37:36.951,****5883,29E,T***,******2271,CANCELLED
B1244,P1387,UK051,2025-08-18 11:37:36.951,****0480,27D,O***,******5439,CONFIRMED
B1245,P1139,6F201,2026-04-17 11:37:36.951,****9149,26A,G***,******9724,UNKNOWN
B1246,P1540,6F230,2026-04-09 11:37:36.951,****2968,33B,O***,******7156,CONFIRMED
B1247,P1390,SJ138,2025-08-13 11:37:36.951,****4095,15F,S***,******4867,CANCELLED
B1248,P1269,AI246,2026-03-04 11:37:36.951,****5607,16B,L***,******8805,PENDING
B1249,P1758,6F179,2025-06-06 11:37:36.951,****6517,26B,L***,******3294,CANCELLED
B1250,P1011,6F031,2026-01-28 11:37:36.951,****9668,16F,A***,******9472,CANCELLED
B1251,P1866,UK015,2025-08-30 11:37:36.951,****8421,29A,C***,******0000,PENDING
B1252,P1388,UK001,2025-04-21 11:37:36.951,****2593,27C,O***,******8619,CANCELLED
B1253,P1336,6F133,2026-02-27 11:37:36.951,****8688,15E,T***,******2911,CANCELLED
B1254,P1505,6F143,2025-07-22 11:37:36.951,****2879,5D,T***,******7840,CANCELLED
B1255,P1105,UK165,2025-09-22 11:37:36.951,****3193,23F,R***,******1946,CANCELLED
B1256,P1031,6F083,2025-08-10 11:37:36.951,****3760,22B,A***,******0072,CANCELLED
B1257,P1073,AI082,2025-08-19 11:37:36.951,****1650,11C,G***,******7961,CANCELLED
B1258,P1170,AI164,2025-10-28 11:37:36.951,****1916,21F,N***,******9118,CANCELLED
B1259,P1848,SJ155,2026-01-19 11:37:36.951,****6617,31F,J***,******8041,CANCELLED
B1260,P1068,AI189,2026-01-04 11:37:36.951,****8980,1D,A***,******9063,CANCELLED
B1261,P1812,SJ057,2025-12-21 11:37:36.951,****1746,34A,A***,******0909,CONFIRMED
B1262,P1361,SJ198,2025-05-07 11:37:36.951,****4869,16F,P***,******8944,CONFIRMED
B1263,P1648,6F122,2026-01-03 11:37:36.951,****8694,6C,T***,******8359,CANCELLED
B1264,P1432,SJ097,2026-04-15 11:37:36.951,****1929,12A,C***,******0179,CONFIRMED
B1265,P1928,UK203,2025-08-06 11:37:36.951,****1171,28F,L***,******3723,PENDING
B1266,P1995,UK093,2026-01-16 11:37:36.951,****3653,27F,S***,******3106,CONFIRMED
B1267,P1099,AI205,2025-05-21 11:37:36.951,****5906,32A,E***,******0019,CANCELLED
B1268,P1657,AI102,2026-01-16 11:37:36.951,****4894,12A,L***,******7177,UNKNOWN
B1269,P1008,6F046,2025-09-06 11:37:36.951,****6676,4C,O***,******0807,CONFIRMED
B1270,P1573,SJ017,2025-06-02 11:37:36.951,****6577,22E,F***,******2228,UNKNOWN
B1271,P1696,6F156,2025-10-20 11:37:36.951,****3890,28B,A***,******3662,PENDING
B1272,P1028,AI068,2025-07-18 11:37:36.951,****2265,19A,C***,******8311,PENDING
B1273,P1892,AI150,2025-06-05 11:37:36.951,****5300,28B,U***,******6375,UNKNOWN
B1274,P1113,UK008,2025-10-15 11:37:36.951,****7677,20D,B***,******3571,PENDING
B1275,P1461,6F166,2025-07-11 11:37:36.951,****0112,18F,Y***,******6536,PENDING
B1276,P1920,6F177,2025-07-15 11:37:36.951,****8600,1A,A***,******9840,CONFIRMED
B1277,P1142,AI196,2026-01-19 11:37:36.951,****8231,12E,W***,******6223,PENDING
B1278,P1389,SJ191,2025-08-09 11:37:36.951,****6426,5B,U***,******3565,CONFIRMED
B1279,P1631,6F019,2025-05-10 11:37:36.951,****3753,28C,T***,******4052,UNKNOWN
B1280,P1681,AI226,2026-04-12 11:37:36.951,****5254,33B,A***,******9514,CONFIRMED
B1281,P1156,SJ207,2026-01-21 11:37:36.951,****5454,4A,O***,******9374,CANCELLED
B1282,P1334,AI009,2025-12-30 11:37:36.951,****5231,8B,N***,******2151,CANCELLED
B1283,P1860,AI103,2025-05-08 11:37:36.951,****7917,29D,H***,******7808,UNKNOWN
B1284,P1259,SJ127,2026-02-22 11:37:36.951,****0388,25F,D***,******0070,CANCELLED
B1285,P1081,UK188,2026-03-26 11:37:36.951,****8019,25B,M***,******8913,CANCELLED
B1286,P1753,6F010,2025-09-25 11:37:36.951,****9358,33B,F***,******3362,UNKNOWN
B1287,P1440,SJ098,2025-12-13 11:37:36.951,****0018,5F,H***,******7930,CANCELLED
B1288,P1944,6F058,2025-12-11 11:37:36.951,****1652,18C,J***,******4865,PENDING
B1289,P1171,SJ030,2026-03-23 11:37:36.951,****0838,24F,I***,******7017,PENDING
B1290,P1230,UK175,2025-07-26 11:37:36.951,****8105,16F,P***,******9769,CANCELLED
B1291,P1719,SJ108,2026-04-01 11:37:36.951,****4869,28E,E***,******7572,PENDING
B1292,P1074,6F075,2025-08-03 11:37:36.951,****7927,7C,H***,******3679,CONFIRMED
B1293,P1269,UK222,2025-08-31 11:37:36.951,****0198,25F,O***,******6545,CONFIRMED
B1294,P1898,6F250,2025-07-13 11:37:36.951,****3972,34B,H***,******9502,CANCELLED
B1295,P1625,AI096,2025-12-29 11:37:36.951,****7062,14B,J***,******2053,CANCELLED
B1296,P1061,AI216,2025-12-23 11:37:36.951,****2101,1B,M***,******7733,CANCELLED
B1297,P1873,6F193,2026-01-23 11:37:36.951,****6766,8A,P***,******8361,PENDING
B1298,P1319,SJ194,2026-01-02 11:37:36.951,****6108,6C,A***,******2809,PENDING
B1299,P1101,SJ020,2025-09-11 11:37:36.951,****3845,16F,V***,******3217,CONFIRMED
B1300,P1428,6F070,2025-06-14 11:37:36.951,****6823,21C,R***,******3521,PENDING
B1301,P1873,AI051,2025-09-03 11:37:36.951,****3076,12A,E***,******4069,CONFIRMED
B1302,P1721,UK219,2025-12-27 11:37:36.951,****7150,3D,G***,******4089,PENDING
B1303,P1953,AI235,2025-12-13 11:37:36.951,****1065,20A,S***,******9768,CONFIRMED
B1304,P1254,6F022,2025-12-13 11:37:36.951,****8516,18E,U***,******1700,UNKNOWN
B1305,P1531,SJ114,2025-09-28 11:37:36.951,****8366,13C,G***,******9203,PENDING
B1306,P1569,SJ076,2025-12-01 11:37:36.951,****6269,30A,W***,******1450,CONFIRMED
B1307,P1111,UK227,2026-01-26 11:37:36.951,****9178,32E,Q***,******2614,PENDING
B1308,P1984,UK135,2025-07-22 11:37:36.951,****2571,30D,S***,******2287,CANCELLED
B1309,P1312,AI234,2025-05-06 11:37:36.951,****1265,30F,A***,******2677,CONFIRMED
B1310,P1997,6F113,2025-08-20 11:37:36.951,****0952,5D,A***,******3222,PENDING
B1311,P1460,SJ206,2025-11-16 11:37:36.951,****7741,9D,A***,******4288,PENDING
B1312,P1707,AI015,2026-03-29 11:37:36.951,****8824,6E,R***,******0241,UNKNOWN
B1313,P1886,6F260,2025-05-16 11:37:36.951,****2975,33E,W***,******9760,CANCELLED
B1314,P1461,AI061,2025-04-28 11:37:36.951,****2185,19C,V***,******8284,CONFIRMED
B1315,P1864,6F237,2026-03-26 11:37:36.951,****2092,9C,V***,******7462,PENDING
B1316,P1091,SJ099,2026-01-06 11:37:36.951,****1635,27C,S***,******2068,PENDING
B1317,P1051,SJ146,2026-02-24 11:37:36.951,****7282,21F,G***,******9773,CANCELLED
B1318,P1804,SJ146,2025-05-23 11:37:36.951,****8224,29B,T***,******7023,CANCELLED
B1319,P1519,6F071,2025-05-04 11:37:36.951,****5071,4C,Y***,******1758,CONFIRMED
B1320,P1811,6F272,2025-08-13 11:37:36.951,****9271,6C,J***,******1202,PENDING
B1321,P1097,SJ029,2026-02-12 11:37:36.951,****7092,13A,H***,******1866,PENDING
B1322,P1235,UK084,2025-07-27 11:37:36.951,****0074,6E,G***,******0643,CONFIRMED
B1323,P1900,SJ048,2026-02-06 11:37:36.951,****9876,14D,S***,******2487,CONFIRMED
B1324,P1373,AI108,2026-02-04 11:37:36.951,****1619,33B,D***,******4040,CANCELLED
B1325,P1580,SJ134,2025-08-11 11:37:36.951,****1045,3B,V***,******9747,CANCELLED
B1326,P1926,UK146,2025-10-31 11:37:36.951,****2174,14F,R***,******8283,CONFIRMED
B1327,P1556,SJ036,2025-09-24 11:37:36.951,****2680,26C,J***,******7662,CONFIRMED
B1328,P1648,6F202,2025-11-01 11:37:36.951,****8344,33B,Q***,******9958,PENDING
B1329,P1233,UK041,2026-02-13 11:37:36.951,****6280,22C,T***,******9243,CONFIRMED
B1330,P1031,6F078,2025-12-06 11:37:36.951,****5795,23A,A***,******6256,CONFIRMED
B1331,P1288,AI097,2025-07-03 11:37:36.951,****0908,22C,B***,******9583,PENDING
B1332,P1637,UK159,2026-01-15 11:37:36.951,****1311,7D,R***,******2108,CONFIRMED
B1333,P1578,UK044,2025-09-06 11:37:36.951,****4760,12B,U***,******1145,CANCELLED
B1334,P1541,6F176,2025-09-27 11:37:36.951,****4120,6F,P***,******9658,CANCELLED
B1335,P1113,SJ221,2026-02-11 11:37:36.951,****0026,4A,A***,******8680,PENDING
B1336,P1203,6F112,2025-07-03 11:37:36.951,****9479,22A,J***,******3059,CONFIRMED
B1337,P1028,6F246,2025-10-20 11:37:36.951,****3279,4C,C***,******6646,UNKNOWN
B1338,P1642,6F014,2026-02-21 11:37:36.951,****0649,14C,B***,******2453,CANCELLED
B1339,P1473,AI237,2025-09-17 11:37:36.951,****5203,28A,V***,******9137,CANCELLED
B1340,P1696,6F003,2025-12-14 11:37:36.951,****1359,12E,A***,******0823,CANCELLED
B1341,P1252,6F249,2025-07-04 11:37:36.951,****2056,5A,U***,******1075,CONFIRMED
B1342,P1797,UK149,2025-04-29 11:37:36.951,****0696,4A,R***,******1209,CONFIRMED
B1343,P1904,SJ163,2026-03-08 11:37:36.951,****3784,9F,Q***,******5104,CONFIRMED
B1344,P1921,SJ243,2026-03-28 11:37:36.951,****9530,1D,Z***,******5145,CONFIRMED
B1345,P1385,UK113,2025-06-06 11:37:36.951,****0325,1A,I***,******7922,CANCELLED
B1346,P1061,AI071,2025-06-07 11:37:36.951,****6241,30E,N***,******1806,PENDING
B1347,P1514,6F271,2026-02-07 11:37:36.951,****2334,22A,E***,******6679,PENDING
B1348,P1429,SJ015,2025-06-05 11:37:36.951,****0530,27E,M***,******3196,CANCELLED
B1349,P1579,UK047,2025-11-19 11:37:36.951,****6673,9E,D***,******4833,CANCELLED
B1350,P1536,UK020,2026-02-04 11:37:36.951,****8875,12A,Y***,******8891,PENDING
B1351,P1690,AI122,2025-09-03 11:37:36.951,****6033,27F,O***,******6783,PENDING
B1352,P1140,UK223,2025-10-20 11:37:36.951,****5821,17D,L***,******2884,CANCELLED
B1353,P1742,6F148,2025-09-19 11:37:36.951,****1152,15F,S***,******4844,CANCELLED
B1354,P1299,SJ162,2025-12-14 11:37:36.951,****9215,34A,P***,******9213,CONFIRMED
B1355,P1674,6F127,2026-03-30 11:37:36.951,****6118,28B,D***,******1313,CONFIRMED
B1356,P1310,AI173,2025-11-10 11:37:36.951,****5977,11F,S***,******8460,PENDING
B1357,P1470,6F065,2026-02-05 11:37:36.951,****5378,14A,A***,******9923,UNKNOWN
B1358,P1392,AI053,2025-06-22 11:37:36.951,****2845,20A,N***,******0560,PENDING
B1359,P1641,AI241,2025-10-22 11:37:36.951,****0028,14E,O***,******8471,CONFIRMED
B1360,P1444,AI105,2025-06-15 11:37:36.951,****0414,18D,N***,******2317,UNKNOWN
B1361,P1757,AI110,2025-08-24 11:37:36.951,****1659,13F,N***,******3821,PENDING
B1362,P1808,AI252,2025-10-22 11:37:36.951,****3042,15B,U***,******7951,CONFIRMED
B1363,P1171,AI149,2025-12-14 11:37:36.951,****1353,3B,B***,******7515,CANCELLED
B1364,P1575,AI224,2025-09-09 11:37:36.951,****6300,23F,B***,******8079,PENDING
B1365,P1030,UK158,2025-07-03 11:37:36.951,****6919,15B,S***,******0703,CANCELLED
B1366,P1046,6F125,2025-05-05 11:37:36.951,****6174,25E,V***,******5252,CANCELLED
B1367,P1129,UK164,2025-12-14 11:37:36.951,****0438,18A,R***,******0157,CONFIRMED
B1368,P1351,UK007,2025-12-26 11:37:36.951,****3167,1E,I***,******7814,CANCELLED
B1369,P1977,6F118,2026-03-18 11:37:36.951,****6706,15F,M***,******2076,PENDING
B1370,P1844,SJ004,2026-01-01 11:37:36.951,****5504,19C,L***,******3721,CANCELLED
B1371,P1621,6F206,2025-09-25 11:37:36.951,****3493,15E,D***,******1602,CANCELLED
B1372,P1580,SJ130,2025-05-11 11:37:36.951,****2732,11D,D***,******2017,CANCELLED
B1373,P1057,SJ070,2026-02-14 11:37:36.951,****4362,22F,R***,******1304,CANCELLED
B1374,P1105,AI085,2025-04-24 11:37:36.951,****0879,7F,U***,******7223,CANCELLED
B1375,P1811,SJ109,2025-09-02 11:37:36.951,****9964,15B,N***,******9962,CONFIRMED
B1376,P1329,AI168,2025-08-24 11:37:36.951,****2505,16B,X***,******9634,PENDING
B1377,P1767,UK123,2025-10-24 11:37:36.951,****1587,26A,W***,******1232,CONFIRMED
B1378,P1823,UK110,2026-01-16 11:37:36.951,****9475,30D,F***,******8535,PENDING
B1379,P1682,AI206,2025-11-02 11:37:36.951,****3659,31C,R***,******2178,PENDING
B1380,P1382,6F007,2026-04-16 11:37:36.951,****6342,6B,Z***,******7743,PENDING
B1381,P1984,SJ013,2025-11-11 11:37:36.951,****9594,33A,G***,******3911,PENDING
B1382,P1161,UK061,2025-09-19 11:37:36.951,****5966,20D,A***,******2822,PENDING
B1383,P1996,AI010,2025-09-24 11:37:36.951,****2359,8C,B***,******2261,CANCELLED
B1384,P1285,AI024,2025-05-16 11:37:36.951,****8933,11D,U***,******3523,CONFIRMED
B1385,P1070,UK130,2025-06-08 11:37:36.951,****7963,30B,R***,******3433,CONFIRMED
B1386,P1766,AI161,2026-03-12 11:37:36.951,****7852,10A,P***,******3897,CANCELLED
B1387,P1453,SJ208,2025-07-23 11:37:36.951,****4523,24F,V***,******8754,PENDING
B1388,P1885,6F038,2025-09-23 11:37:36.951,****4470,8D,U***,******8221,UNKNOWN
B1389,P1566,6F085,2026-02-22 11:37:36.951,****5237,30D,N***,******6220,UNKNOWN
B1390,P1834,SJ028,2026-03-09 11:37:36.951,****3370,8C,E***,******0994,CANCELLED
B1391,P1396,SJ084,2025-11-26 11:37:36.951,****8105,21F,N***,******8281,CONFIRMED
B1392,P1514,AI139,2026-03-27 11:37:36.951,****2142,21D,N***,******7852,CONFIRMED
B1393,P1025,UK179,2026-04-06 11:37:36.951,****3913,26E,B***,******3402,PENDING
B1394,P1312,6F256,2025-07-23 11:37:36.951,****3695,23F,B***,******2923,PENDING
B1395,P1125,UK023,2026-02-10 11:37:36.951,****2973,23B,G***,******8777,UNKNOWN
B1396,P1407,AI039,2025-08-03 11:37:36.951,****2273,13E,Z***,******9194,UNKNOWN
B1397,P1564,UK190,2026-02-05 11:37:36.951,****5323,28D,J***,******3359,CANCELLED
B1398,P1197,6F224,2026-02-04 11:37:36.951,****1087,3E,Y***,******2164,PENDING
B1399,P1810,UK221,2025-05-31 11:37:36.951,****2360,7A,T***,******5517,PENDING
B1400,P1187,SJ107,2026-04-02 11:37:36.951,****8388,12F,C***,******9488,CANCELLED
B1401,P1697,UK155,2025-04-20 11:37:36.951,****4673,21D,Z***,******6092,UNKNOWN
B1402,P1816,UK183,2026-03-21 11:37:36.951,****2280,7E,W***,******8758,CANCELLED
B1403,P1809,SJ203,2025-05-08 11:37:36.951,****2225,26A,C***,******8210,PENDING
B1404,P1715,6F253,2026-03-07 11:37:36.951,****0637,16A,A***,******1783,UNKNOWN
B1405,P1483,AI100,2025-08-26 11:37:36.951,****4130,32F,B***,******0547,PENDING
B1406,P1449,6F140,2025-06-24 11:37:36.951,****5201,15D,V***,******4687,CONFIRMED
B1407,P1522,UK048,2025-08-26 11:37:36.951,****3975,25A,A***,******5796,CONFIRMED
B1408,P1870,SJ204,2025-07-29 11:37:36.951,****5491,12F,N***,******5629,CONFIRMED
B1409,P1353,UK105,2026-03-24 11:37:36.951,****1955,28C,A***,******6973,CONFIRMED
B1410,P1985,AI098,2026-04-13 11:37:36.951,****3957,32C,G***,******7244,CONFIRMED
B1411,P1657,6F013,2025-10-12 11:37:36.951,****4262,1A,I***,******0131,CANCELLED
B1412,P1596,6F128,2025-11-18 11:37:36.951,****1393,28E,J***,******1987,CANCELLED
B1413,P1099,SJ038,2025-10-05 11:37:36.951,****0987,14A,W***,******3192,UNKNOWN
B1414,P1615,SJ182,2026-01-07 11:37:36.951,****9227,25F,Y***,******1680,CONFIRMED
B1415,P1947,6F199,2026-03-22 11:37:36.951,****9786,23B,O***,******3723,PENDING
B1416,P1557,SJ187,2025-08-17 11:37:36.951,****9165,20B,U***,******6446,CANCELLED
B1417,P1555,AI182,2025-08-18 11:37:36.951,****1202,8E,T***,******7960,PENDING
B1418,P1277,SJ027,2025-05-04 11:37:36.951,****4497,19D,L***,******4412,PENDING
B1419,P1692,SJ062,2026-01-20 11:37:36.951,****8764,20E,Y***,******8119,CONFIRMED
B1420,P1698,SJ161,2026-02-24 11:37:36.951,****9741,27B,E***,******8349,CONFIRMED
B1421,P1989,UK058,2025-10-03 11:37:36.951,****0063,23C,O***,******7587,UNKNOWN
B1422,P1625,AI181,2026-01-04 11:37:36.951,****4969,12D,Y***,******9552,CANCELLED
B1423,P1490,AI003,2025-06-12 11:37:36.951,****9635,14A,A***,******4983,CONFIRMED
B1424,P1254,6F150,2025-11-05 11:37:36.951,****5128,11D,C***,******4194,CANCELLED
B1425,P1380,SJ175,2025-06-28 11:37:36.951,****1594,34E,M***,******3711,CANCELLED
B1426,P1891,6F041,2025-12-15 11:37:36.951,****6345,17C,V***,******9164,CANCELLED
B1427,P1541,SJ040,2026-04-15 11:37:36.951,****1699,16E,G***,******8098,CANCELLED
B1428,P1263,6F020,2025-06-17 11:37:36.951,****4394,27C,T***,******9799,CONFIRMED
B1429,P1609,AI248,2025-05-08 11:37:36.951,****0958,27B,R***,******1643,CANCELLED
B1430,P1824,SJ016,2026-02-08 11:37:36.951,****9413,11A,L***,******0947,CONFIRMED
B1431,P1878,UK204,2025-11-21 11:37:36.951,****2170,31C,N***,******2572,CONFIRMED
B1432,P1328,6F211,2025-09-02 11:37:36.951,****5579,9B,E***,******8848,CANCELLED
B1433,P1114,SJ166,2025-05-07 11:37:36.951,****9646,5B,L***,******3703,CONFIRMED
B1434,P1275,AI036,2025-10-19 11:37:36.951,****1213,30C,M***,******8755,PENDING
B1435,P1487,SJ215,2025-09-18 11:37:36.951,****5957,1E,B***,******2470,CONFIRMED
B1436,P1280,AI076,2026-01-05 11:37:36.951,****1458,20B,Y***,******9786,CONFIRMED
B1437,P1274,SJ012,2025-11-28 11:37:36.951,****1138,24A,H***,******6956,CANCELLED
B1438,P1772,AI073,2026-04-01 11:37:36.951,****2033,20D,H***,******4578,UNKNOWN
B1439,P1842,SJ173,2025-11-09 11:37:36.951,****0437,27E,T***,******5093,CONFIRMED
B1440,P1718,AI193,2026-03-09 11:37:36.951,****5294,25E,M***,******2446,CANCELLED
B1441,P1895,SJ131,2025-09-22 11:37:36.951,****4174,13A,M***,******5768,UNKNOWN
B1442,P1327,AI225,2025-06-02 11:37:36.951,****8502,11E,U***,******2524,PENDING
B1443,P1210,AI190,2025-10-09 11:37:36.951,****5233,9E,H***,******4504,CANCELLED
B1444,P1726,SJ238,2025-12-25 11:37:36.951,****2569,7B,F***,******5352,CONFIRMED
B1445,P1922,6F005,2025-12-21 11:37:36.951,****4677,5F,L***,******8689,PENDING
B1446,P1551,UK136,2025-09-25 11:37:36.951,****7627,23C,V***,******0651,PENDING
B1447,P1991,SJ063,2025-05-21 11:37:36.951,****3012,15F,E***,******2839,CONFIRMED
B1448,P1025,6F175,2025-11-21 11:37:36.951,****3420,9E,B***,******9801,CANCELLED
B1449,P1026,AI037,2025-05-23 11:37:36.951,****7222,19A,G***,******2828,PENDING
B1450,P1701,UK225,2025-11-11 11:37:36.951,****7177,21C,G***,******7953,CONFIRMED
B1451,P1082,AI141,2025-05-20 11:37:36.951,****0658,15E,S***,******8759,CONFIRMED
B1452,P1895,6F172,2026-01-26 11:37:36.951,****1225,3E,C***,******8446,PENDING
B1453,P1945,6F219,2026-02-07 11:37:36.951,****8237,16F,C***,******4326,CANCELLED
B1454,P1681,AI045,2025-08-16 11:37:36.951,****2110,8E,D***,******0104,PENDING
B1455,P1412,AI198,2026-04-12 11:37:36.951,****6901,30A,J***,******2579,CONFIRMED
B1456,P1166,AI120,2025-04-24 11:37:36.951,****5199,17F,R***,******3796,PENDING
B1457,P1699,6F134,2025-06-11 11:37:36.951,****1222,32D,Y***,******2082,CANCELLED
B1458,P1168,UK102,2025-11-19 11:37:36.951,****2054,10B,N***,******3841,CONFIRMED
B1459,P1800,SJ199,2025-06-10 11:37:36.951,****9633,1F,O***,******8817,CANCELLED
B1460,P1978,6F235,2025-10-01 11:37:36.951,****0488,32E,F***,******9563,PENDING
B1461,P1228,UK065,2025-10-14 11:37:36.951,****0596,33F,W***,******4497,PENDING
B1462,P1978,6F135,2025-12-03 11:37:36.951,****7492,26D,L***,******3941,CANCELLED
B1463,P1608,SJ148,2026-02-10 11:37:36.951,****4277,31C,T***,******7988,PENDING
B1464,P1366,AI083,2026-03-07 11:37:36.951,****6165,6B,T***,******5287,CANCELLED
B1465,P1527,UK024,2025-07-02 11:37:36.951,****2941,5C,A***,******9035,PENDING
B1466,P1790,UK220,2025-04-27 11:37:36.951,****5963,28B,B***,******2257,CANCELLED
B1467,P1646,UK115,2025-04-30 11:37:36.951,****4206,25A,E***,******4253,CANCELLED
B1468,P1537,AI255,2025-07-16 11:37:36.951,****8513,14F,H***,******2325,CONFIRMED
B1469,P1863,6F001,2025-12-25 11:37:36.951,****4983,11A,P***,******6316,CONFIRMED
B1470,P1523,6F132,2025-05-27 11:37:36.951,****5481,24E,T***,******0375,CANCELLED
B1471,P1071,UK184,2026-03-28 11:37:36.951,****6401,8E,R***,******4844,PENDING
B1472,P1644,6F098,2025-06-06 11:37:36.951,****4420,3D,V***,******1373,PENDING
B1473,P1105,SJ168,2025-07-19 11:37:36.951,****7358,21F,W***,******8854,PENDING
B1474,P1731,SJ178,2025-07-28 11:37:36.951,****1962,14C,J***,******6881,CANCELLED
B1475,P1884,UK111,2026-03-07 11:37:36.951,****2132,2C,C***,******5334,CANCELLED
B1476,P1964,SJ051,2026-02-27 11:37:36.951,****8314,32E,M***,******7876,CANCELLED
B1477,P1688,SJ193,2025-07-06 11:37:36.951,****6999,18E,A***,******4320,CANCELLED
B1478,P1281,SJ039,2026-02-24 11:37:36.951,****8003,28D,W***,******0683,CONFIRMED
B1479,P1132,UK066,2025-12-17 11:37:36.951,****5328,22B,V***,******6229,CANCELLED
B1480,P1533,SJ050,2026-03-14 11:37:36.951,****5243,34B,T***,******6905,PENDING
B1481,P1974,6F052,2025-06-11 11:37:36.951,****2990,4D,Z***,******8664,CONFIRMED
B1482,P1268,SJ170,2025-08-29 11:37:36.951,****3328,14E,G***,******6092,PENDING
B1483,P1411,SJ119,2025-06-09 11:37:36.951,****1851,26B,D***,******9169,UNKNOWN
B1484,P1672,AI219,2025-05-07 11:37:36.951,****4101,13B,B***,******6412,CONFIRMED
B1485,P1618,6F220,2025-07-05 11:37:36.951,****8835,12D,K***,******6833,CANCELLED
B1486,P1790,AI207,2025-05-04 11:37:36.951,****7761,3D,C***,******7259,CONFIRMED
B1487,P1864,6F024,2026-01-26 11:37:36.951,****8143,5E,O***,******2871,PENDING
B1488,P1746,SJ073,2025-05-04 11:37:36.951,****7815,27E,S***,******3418,CANCELLED
B1489,P1017,SJ201,2025-07-08 11:37:36.951,****0266,24F,J***,******4879,CANCELLED
B1490,P1753,AI180,2026-03-10 11:37:36.951,****9125,29B,Y***,******2386,CONFIRMED
B1491,P1116,UK022,2025-07-16 11:37:36.951,****5539,18F,N***,******4694,CONFIRMED
B1492,P1797,AI202,2026-03-27 11:37:36.951,****2990,29C,V***,******3773,CANCELLED
B1493,P1793,6F212,2025-06-01 11:37:36.952,****4179,26D,H***,******0915,CONFIRMED
B1494,P1143,6F163,2025-06-09 11:37:36.952,****4748,23F,U***,******9861,CANCELLED
B1495,P1716,UK028,2025-10-15 11:37:36.952,****9841,27D,L***,******4823,CONFIRMED
B1496,P1550,6F243,2026-03-21 11:37:36.952,****6988,7D,M***,******9307,PENDING
B1497,P1928,AI165,2025-09-02 11:37:36.952,****4509,11F,G***,******3751,CONFIRMED
B1498,P1665,UK099,2025-07-18 11:37:36.952,****2627,3D,A***,******4113,PENDING
B1499,P1687,AI033,2025-06-17 11:37:36.952,****8248,17C,J***,******6364,UNKNOWN
B1500,P1960,UK056,2025-04-30 11:37:36.952,****9830,22D,J***,******5186,CONFIRMED
B1501,P1752,SJ122,2025-09-04 11:37:36.952,****9741,23D,L***,******3227,CANCELLED
B1502,P1421,AI086,2025-10-15 11:37:36.952,****0030,23F,H***,******9285,CONFIRMED
B1503,P1897,SJ011,2025-10-17 11:37:36.952,****5305,25C,U***,******3000,CONFIRMED
B1504,P1368,SJ021,2025-04-21 11:37:36.952,****8467,4E,F***,******2210,PENDING
B1505,P1645,SJ106,2025-11-29 11:37:36.952,****2600,8F,D***,******8147,CONFIRMED
B1506,P1557,SJ026,2026-01-29 11:37:36.952,****4444,9E,C***,******4300,CANCELLED
B1507,P1049,SJ245,2025-11-27 11:37:36.952,****8652,20A,J***,******7266,PENDING
B1508,P1677,AI023,2025-07-31 11:37:36.952,****9967,9C,C***,******0857,UNKNOWN
B1509,P1105,AI032,2025-09-25 11:37:36.952,****9053,14F,D***,******2022,CANCELLED
B1510,P1215,AI236,2025-05-11 11:37:36.952,****7648,19F,J***,******4326,CANCELLED
B1511,P1657,6F094,2025-12-24 11:37:36.952,****5213,15C,W***,******5952,CANCELLED
B1512,P1922,UK163,2025-12-21 11:37:36.952,****5312,4A,K***,******9229,PENDING
B1513,P1424,UK163,2025-06-30 11:37:36.952,****7327,32B,S***,******9146,CONFIRMED
B1514,P1071,SJ045,2025-05-07 11:37:36.952,****9585,21E,O***,******6774,CANCELLED
B1515,P1987,SJ006,2025-07-06 11:37:36.952,****5251,26A,O***,******1986,PENDING
B1516,P1841,SJ103,2025-08-05 11:37:36.952,****1050,34F,V***,******1214,CANCELLED
B1517,P1784,6F221,2026-01-16 11:37:36.952,****7744,31B,A***,******2215,UNKNOWN
B1518,P1758,SJ147,2026-03-20 11:37:36.952,****7841,30A,K***,******4061,UNKNOWN
B1519,P1445,SJ064,2026-03-25 11:37:36.952,****4493,3C,S***,******0765,PENDING
B1520,P1924,AI028,2026-04-02 11:37:36.952,****3183,27A,W***,******3299,CONFIRMED
B1521,P1185,AI148,2025-11-08 11:37:36.952,****2608,31E,H***,******9694,PENDING
B1522,P1069,6F263,2025-08-31 11:37:36.952,****7873,1C,J***,******9631,CONFIRMED
B1523,P1973,SJ067,2025-05-19 11:37:36.952,****1746,21F,M***,******3458,PENDING
B1524,P1149,6F061,2025-06-17 11:37:36.952,****1891,23D,R***,******4363,PENDING
B1525,P1245,AI254,2025-05-29 11:37:36.952,****1776,11E,S***,******3227,UNKNOWN
B1526,P1773,SJ136,2025-11-15 11:37:36.952,****6299,17D,S***,******2969,CONFIRMED
B1527,P1537,AI046,2025-07-09 11:37:36.952,****9900,8A,C***,******3822,PENDING
B1528,P1934,UK174,2026-03-28 11:37:36.952,****3521,6E,Y***,******4067,PENDING
B1529,P1651,6F066,2025-04-30 11:37:36.952,****4648,34C,S***,******8533,UNKNOWN
B1530,P1098,UK095,2025-12-08 11:37:36.952,****5759,23E,S***,******4054,UNKNOWN
B1531,P1909,6F063,2026-04-01 11:37:36.952,****2179,30F,V***,******0108,PENDING
B1532,P1277,UK118,2025-04-22 11:37:36.952,****3971,30A,M***,******4314,PENDING
B1533,P1562,UK218,2025-09-15 11:37:36.952,****5143,28D,A***,******4584,PENDING
B1534,P1662,UK031,2025-09-11 11:37:36.952,****2303,34E,K***,******8286,CONFIRMED
B1535,P1943,UK142,2026-04-02 11:37:36.952,****9397,6C,Z***,******5314,PENDING
B1536,P1454,AI002,2025-06-01 11:37:36.952,****2177,4C,I***,******6512,UNKNOWN
B1537,P1103,UK070,2025-10-08 11:37:36.952,****3351,21F,K***,******5625,CONFIRMED
B1538,P1945,SJ121,2026-03-17 11:37:36.952,****2601,8E,I***,******9144,PENDING
B1539,P1600,UK201,2025-06-11 11:37:36.952,****8297,20B,E***,******9059,CONFIRMED
B1540,P1652,AI138,2026-01-15 11:37:36.952,****9085,7E,O***,******6491,CANCELLED
B1541,P1724,SJ014,2025-12-16 11:37:36.952,****4373,26A,C***,******9845,CONFIRMED
B1542,P1232,SJ053,2025-12-13 11:37:36.952,****6271,14F,O***,******0037,PENDING
B1543,P1393,SJ241,2025-06-16 11:37:36.952,****3539,4F,I***,******0271,CANCELLED
B1544,P1500,AI249,2025-09-01 11:37:36.952,****1547,16A,V***,******6093,CANCELLED
B1545,P1694,AI176,2026-03-08 11:37:36.952,****9255,8A,J***,******5520,PENDING
B1546,P1250,SJ234,2026-04-02 11:37:36.952,****2837,32B,I***,******0567,PENDING
B1547,P1520,6F115,2025-04-18 11:37:36.952,****6605,16C,Y***,******7207,PENDING
B1548,P1078,AI020,2025-10-04 11:37:36.952,****1610,7E,C***,******2739,CONFIRMED
B1549,P1051,AI020,2025-12-16 11:37:36.952,****4640,24A,C***,******9899,CONFIRMED
B1550,P1897,6F079,2025-12-06 11:37:36.952,****7304,10D,A***,******8049,CONFIRMED
B1551,P1920,6F104,2025-11-14 11:37:36.952,****4447,8E,V***,******1188,UNKNOWN
B1552,P1780,UK046,2026-02-06 11:37:36.952,****6906,32D,P***,******5811,PENDING
B1553,P1225,SJ217,2025-11-15 11:37:36.952,****2884,33D,V***,******1142,CONFIRMED
B1554,P1050,6F142,2025-08-26 11:37:36.952,****8727,8D,E***,******9652,CANCELLED
B1555,P1185,SJ139,2026-04-04 11:37:36.952,****1164,3B,E***,******2397,CONFIRMED
B1556,P1033,6F059,2026-01-18 11:37:36.952,****8738,31D,D***,******2837,CANCELLED
B1557,P1802,6F067,2025-08-10 11:37:36.952,****4770,17A,A***,******6950,PENDING
B1558,P1741,AI007,2025-08-07 11:37:36.952,****1538,27A,L***,******6792,PENDING
B1559,P1130,UK202,2026-01-20 11:37:36.952,****4204,5F,C***,******9332,CONFIRMED
B1560,P1631,AI200,2026-03-07 11:37:36.952,****7720,18C,Y***,******1527,CONFIRMED
B1561,P1442,UK172,2026-01-27 11:37:36.952,****1932,18C,H***,******8123,PENDING
B1562,P1837,6F214,2025-05-01 11:37:36.952,****7941,10B,T***,******0671,CONFIRMED
B1563,P1758,UK037,2025-09-11 11:37:36.952,****7264,27B,S***,******2002,PENDING
B1564,P1431,AI022,2025-08-14 11:37:36.952,****2240,17F,O***,******3793,PENDING
B1565,P1703,AI243,2026-02-06 11:37:36.952,****9003,20D,S***,******3185,CANCELLED
B1566,P1496,SJ174,2025-10-08 11:37:36.952,****0286,29F,O***,******6762,CONFIRMED
B1567,P1402,SJ079,2025-11-13 11:37:36.952,****5366,9A,D***,******1070,PENDING
B1568,P1322,UK097,2025-12-21 11:37:36.952,****0577,21A,D***,******2658,CONFIRMED
B1569,P1209,AI013,2025-12-26 11:37:36.952,****9007,14E,K***,******3310,CANCELLED
B1570,P1614,UK196,2025-11-21 11:37:36.952,****2113,25E,U***,******2605,CANCELLED
B1571,P1328,SJ213,2025-11-06 11:37:36.952,****7221,2C,G***,******7878,CONFIRMED
B1572,P1371,UK119,2025-05-26 11:37:36.952,****1928,5D,G***,******5075,CONFIRMED
B1573,P1459,AI043,2026-03-18 11:37:36.952,****0234,19B,G***,******3229,PENDING
B1574,P1132,AI043,2025-04-29 11:37:36.952,****2523,18A,K***,******9310,CANCELLED
B1575,P1834,AI143,2025-06-16 11:37:36.952,****7726,2B,F***,******6952,CANCELLED
B1576,P1650,SJ032,2025-10-20 11:37:36.952,****3276,6F,N***,******0459,UNKNOWN
B1577,P1120,6F050,2026-01-24 11:37:36.952,****4559,23A,P***,******7918,CONFIRMED
B1578,P1605,AI134,2025-12-25 11:37:36.952,****1589,6B,B***,******9506,PENDING
B1579,P1451,6F182,2025-04-24 11:37:36.952,****6478,28E,I***,******9676,CONFIRMED
B1580,P1964,SJ086,2025-10-08 11:37:36.952,****0884,20D,Y***,******8537,CONFIRMED
B1581,P1128,6F170,2025-08-06 11:37:36.952,****1919,3D,M***,******9860,CONFIRMED
B1582,P1090,UK168,2025-04-24 11:37:36.952,****4006,34B,U***,******9275,PENDING
B1583,P1603,SJ072,2026-02-22 11:37:36.952,****3484,33D,I***,******0940,UNKNOWN
B1584,P1574,UK075,2025-04-28 11:37:36.952,****3986,21C,I***,******7633,CANCELLED
B1585,P1028,6F233,2026-01-08 11:37:36.952,****2372,1C,U***,******9970,CANCELLED
B1586,P1721,SJ143,2025-11-13 11:37:36.952,****0088,25B,A***,******4180,CANCELLED
B1587,P1523,SJ246,2025-06-28 11:37:36.952,****1900,34E,A***,******4298,PENDING
B1588,P1332,SJ247,2025-11-04 11:37:36.952,****0916,10B,A***,******1813,CONFIRMED
B1589,P1296,UK157,2025-08-31 11:37:36.952,****8979,3D,H***,******8641,PENDING
B1590,P1129,UK069,2026-04-01 11:37:36.952,****8674,25B,A***,******8124,CONFIRMED
B1591,P1292,AI106,2025-11-20 11:37:36.952,****4336,8A,L***,******3665,CANCELLED
B1592,P1172,UK085,2025-11-17 11:37:36.952,****5198,24F,E***,******0691,CONFIRMED
B1593,P1719,6F087,2025-09-24 11:37:36.952,****2034,1A,A***,******6311,UNKNOWN
B1594,P1943,AI067,2025-06-01 11:37:36.952,****6075,25E,T***,******0775,CONFIRMED
B1595,P1023,6F226,2026-01-07 11:37:36.952,****7201,4E,O***,******5375,PENDING
B1596,P1098,SJ210,2025-12-20 11:37:36.952,****1822,15E,H***,******7815,CONFIRMED
B1597,P1405,6F269,2025-10-23 11:37:36.952,****2085,33A,K***,******6201,CONFIRMED
B1598,P1355,UK013,2026-01-02 11:37:36.952,****5364,11B,E***,******4577,CONFIRMED
B1599,P1138,UK013,2025-09-30 11:37:36.952,****2918,9E,C***,******6733,PENDING
B1600,P1502,UK143,2025-07-20 11:37:36.952,****2559,2C,N***,******9966,PENDING
B1601,P1825,6F262,2025-09-07 11:37:36.952,****2304,28D,F***,******8100,PENDING
B1602,P1173,6F042,2025-07-07 11:37:36.952,****8271,2A,S***,******9344,UNKNOWN
B1603,P1028,SJ118,2025-12-06 11:37:36.952,****5120,17E,V***,******8468,CANCELLED
B1604,P1930,SJ118,2025-11-17 11:37:36.952,****3446,3C,O***,******9471,CANCELLED
B1605,P1495,SJ082,2025-10-03 11:37:36.952,****6019,6C,T***,******8238,CANCELLED
B1606,P1654,6F015,2025-07-18 11:37:36.952,****7243,23E,I***,******0192,CONFIRMED
B1607,P1827,AI101,2026-02-02 11:37:36.952,****2512,30F,Q***,******3146,UNKNOWN
B1608,P1350,SJ110,2025-06-28 11:37:36.952,****6656,10B,B***,******6165,CANCELLED
B1609,P1553,SJ042,2025-10-21 11:37:36.952,****7849,19D,D***,******5414,CANCELLED
B1610,P1298,6F145,2025-10-13 11:37:36.952,****3500,27A,T***,******3593,CONFIRMED
B1611,P1719,UK029,2026-01-05 11:37:36.952,****2354,14C,C***,******4892,CANCELLED
B1612,P1841,SJ200,2025-04-18 11:37:36.952,****1215,28C,S***,******3103,CANCELLED
B1613,P1944,SJ209,2026-01-29 11:37:36.952,****0644,6A,S***,******0449,CONFIRMED
B1614,P1191,AI116,2025-05-11 11:37:36.952,****8182,30B,A***,******0528,UNKNOWN
B1615,P1671,6F117,2025-05-23 11:37:36.952,****5948,33B,F***,******8111,CANCELLED
B1616,P1063,SJ181,2025-12-23 11:37:36.952,****8066,17A,A***,******1327,PENDING
B1617,P1754,AI070,2025-05-10 11:37:36.952,****2543,18A,Q***,******8704,UNKNOWN
B1618,P1769,AI070,2026-01-19 11:37:36.952,****4986,1B,K***,******9430,CONFIRMED
B1619,P1663,UK042,2026-02-05 11:37:36.952,****0320,13A,V***,******2740,PENDING
B1620,P1214,AI169,2026-02-24 11:37:36.952,****1140,1B,I***,******9727,PENDING
B1621,P1833,6F021,2025-12-21 11:37:36.952,****1978,27A,M***,******3445,PENDING
B1622,P1165,SJ046,2025-06-23 11:37:36.952,****0841,19F,R***,******2713,PENDING
B1623,P1542,AI211,2025-08-17 11:37:36.952,****1137,22B,T***,******0353,CANCELLED
B1624,P1882,SJ091,2025-12-20 11:37:36.952,****2887,34F,D***,******5944,CANCELLED
B1625,P1231,AI123,2026-04-05 11:37:36.952,****3716,7D,N***,******8999,PENDING
B1626,P1793,6F053,2025-04-17 11:37:36.952,****2239,25C,B***,******3732,CANCELLED
B1627,P1540,UK012,2026-01-09 11:37:36.952,****5307,27E,N***,******8394,PENDING
B1628,P1194,6F023,2025-11-25 11:37:36.952,****8557,33A,E***,******1638,PENDING
B1629,P1505,AI250,2026-01-02 11:37:36.952,****2362,11A,T***,******5072,CONFIRMED
B1630,P1333,AI238,2026-04-07 11:37:36.952,****8574,26F,G***,******2269,PENDING
B1631,P1767,UK096,2026-02-17 11:37:36.952,****6913,24F,H***,******8353,CANCELLED
B1632,P1792,UK126,2026-03-30 11:37:36.952,****4261,1D,R***,******0781,PENDING
B1633,P1303,SJ195,2025-08-30 11:37:36.952,****4243,8E,F***,******1769,CONFIRMED
B1634,P1832,SJ171,2025-12-25 11:37:36.952,****8130,1C,D***,******5198,CANCELLED
B1635,P1436,AI136,2025-08-14 11:37:36.952,****5302,7C,T***,******1859,UNKNOWN
B1636,P1322,SJ192,2025-05-27 11:37:36.952,****4633,22B,O***,******4980,CONFIRMED
B1637,P1501,6F035,2025-12-01 11:37:36.952,****0147,27C,Y***,******0528,PENDING
B1638,P1857,UK088,2026-02-23 11:37:36.952,****5738,22C,Y***,******4781,CONFIRMED
B1639,P1913,6F009,2025-09-14 11:37:36.952,****5123,24E,I***,******3873,CONFIRMED
B1640,P1392,6F004,2026-01-28 11:37:36.952,****2609,30B,M***,******4451,CANCELLED
B1641,P1805,UK122,2026-03-27 11:37:36.952,****4654,28D,H***,******9571,UNKNOWN
B1642,P1598,AI251,2026-02-15 11:37:36.952,****1073,4E,A***,******6644,PENDING
B1643,P1148,AI027,2026-02-04 11:37:36.952,****8370,14A,O***,******3774,PENDING
B1644,P1760,SJ165,2025-10-20 11:37:36.952,****2741,20E,F***,******5792,PENDING
B1645,P1832,UK081,2025-08-16 11:37:36.952,****2925,17D,W***,******7529,CONFIRMED
B1646,P1404,UK191,2025-09-27 11:37:36.952,****4076,28C,S***,******4076,CANCELLED
B1647,P1282,SJ188,2025-11-06 11:37:36.952,****7135,14F,D***,******0840,PENDING
B1648,P1361,6F016,2025-08-09 11:37:36.952,****2386,33D,R***,******8368,CONFIRMED
B1649,P1378,6F064,2026-04-05 11:37:36.952,****6932,4F,U***,******3414,PENDING
B1650,P1197,SJ105,2026-04-03 11:37:36.952,****5089,10D,C***,******1933,UNKNOWN
B1651,P1555,SJ054,2025-09-09 11:37:36.952,****7640,21B,D***,******8199,CANCELLED
B1652,P1355,6F197,2025-12-19 11:37:36.952,****9775,23C,Y***,******0269,PENDING
B1653,P1539,AI040,2026-03-26 11:37:36.952,****8422,31B,D***,******4504,CANCELLED
B1654,P1428,AI131,2025-08-14 11:37:36.952,****0222,31A,S***,******6787,UNKNOWN
B1655,P1016,6F141,2025-10-09 11:37:36.952,****6917,7D,D***,******4650,PENDING
B1656,P1638,UK035,2025-05-12 11:37:36.952,****5144,26E,B***,******9841,CONFIRMED
B1657,P1378,AI005,2025-08-28 11:37:36.952,****9039,12B,G***,******9851,CONFIRMED
B1658,P1679,AI001,2025-06-22 11:37:36.952,****1426,18D,L***,******5091,CONFIRMED
B1659,P1505,UK211,2026-01-17 11:37:36.952,****7703,6D,B***,******1131,PENDING
B1660,P1755,SJ189,2026-04-04 11:37:36.952,****4933,12D,R***,******4370,CANCELLED
B1661,P1898,UK006,2025-04-21 11:37:36.952,****3172,18D,V***,******6864,PENDING
B1662,P1075,6F189,2025-10-13 11:37:36.952,****9065,17A,M***,******8498,CONFIRMED
B1663,P1230,AI133,2025-05-16 11:37:36.952,****1939,15B,S***,******6291,CANCELLED
B1664,P1715,SJ216,2025-11-08 11:37:36.952,****1291,25B,H***,******3111,CONFIRMED
B1665,P1961,SJ133,2026-03-04 11:37:36.952,****0266,29D,Y***,******0703,CANCELLED
B1666,P1247,UK082,2026-03-05 11:37:36.952,****4539,32C,B***,******0106,PENDING
B1667,P1301,6F136,2026-02-16 11:37:36.952,****6406,32C,R***,******0625,CANCELLED
B1668,P1725,6F039,2025-04-30 11:37:36.952,****1929,3B,N***,******9908,PENDING
B1669,P1214,AI011,2025-06-16 11:37:36.952,****9044,3E,K***,******6069,CONFIRMED
B1670,P1157,SJ225,2025-05-12 11:37:36.952,****3202,16C,L***,******1026,CANCELLED
B1671,P1068,SJ024,2025-07-08 11:37:36.952,****0193,22C,H***,******8950,CONFIRMED
B1672,P1392,AI109,2025-08-01 11:37:36.952,****8884,14E,G***,******1994,CANCELLED
B1673,P1084,AI147,2025-06-12 11:37:36.952,****3629,28B,F***,******2711,UNKNOWN
B1674,P1266,UK057,2025-11-03 11:37:36.952,****8312,18C,L***,******5782,CANCELLED
B1675,P1068,6F111,2025-08-01 11:37:36.952,****9659,9A,Z***,******1692,CANCELLED
B1676,P1610,AI197,2026-04-14 11:37:36.952,****1774,24C,G***,******1522,PENDING
B1677,P1346,UK127,2026-01-31 11:37:36.952,****4193,29C,L***,******6384,PENDING
B1678,P1961,6F240,2025-12-31 11:37:36.952,****1317,24B,D***,******5813,PENDING
B1679,P1727,6F257,2025-08-17 11:37:36.952,****2864,25A,K***,******8728,CANCELLED
B1680,P1926,AI253,2026-03-19 11:37:36.952,****7300,11F,D***,******3589,UNKNOWN
B1681,P1672,SJ135,2026-04-02 11:37:36.952,****2115,15C,F***,******5577,CANCELLED
B1682,P1422,UK112,2025-07-10 11:37:36.952,****2191,20B,G***,******0562,CANCELLED
B1683,P1605,AI050,2025-08-07 11:37:36.952,****2479,9C,Y***,******4031,CONFIRMED
B1684,P1173,UK060,2025-11-18 11:37:36.952,****3458,8E,A***,******4337,PENDING
B1685,P1676,SJ183,2025-05-15 11:37:36.952,****7067,25E,D***,******9394,CANCELLED
B1686,P1114,UK138,2025-11-17 11:37:36.952,****8651,23E,T***,******5076,CONFIRMED
B1687,P1219,SJ071,2025-10-12 11:37:36.952,****6408,22F,V***,******8889,PENDING
B1688,P1955,AI057,2025-06-14 11:37:36.952,****2567,9D,U***,******6032,PENDING
B1689,P1030,SJ151,2025-07-10 11:37:36.952,****2925,20B,M***,******9943,CANCELLED
B1690,P1522,SJ144,2025-06-28 11:37:36.952,****2822,12C,C***,******5739,PENDING
B1691,P1342,SJ087,2026-01-23 11:37:36.952,****6247,12E,Y***,******8246,PENDING
B1692,P1376,SJ066,2026-04-02 11:37:36.952,****1223,18A,B***,******4649,CONFIRMED
B1693,P1129,AI247,2026-01-02 11:37:36.952,****0966,11F,K***,******9241,CONFIRMED
B1694,P1999,SJ102,2026-04-01 11:37:36.952,****4509,24D,M***,******2013,PENDING
B1695,P1616,6F252,2026-04-13 11:37:36.952,****0391,4F,P***,******6531,CONFIRMED
B1696,P1538,6F055,2025-11-28 11:37:36.952,****8922,11C,R***,******1789,PENDING
B1697,P1738,AI204,2025-11-12 11:37:36.952,****0060,34B,N***,******1258,CANCELLED
B1698,P1001,AI016,2026-02-02 11:37:36.952,****6160,31D,W***,******9640,CONFIRMED
B1699,P1870,AI209,2025-12-11 11:37:36.952,****0095,15D,B***,******5089,PENDING
B1700,P1100,SJ211,2026-01-04 11:37:36.952,****6231,14B,V***,******1891,PENDING
B1701,P1532,6F103,2025-10-16 11:37:36.952,****1642,13F,W***,******1575,CONFIRMED
B1702,P1057,UK182,2025-04-22 11:37:36.952,****3727,31F,U***,******2340,CONFIRMED
B1703,P1388,6F264,2025-12-25 11:37:36.952,****6349,19B,J***,******8483,CANCELLED
B1704,P1691,6F027,2025-07-23 11:37:36.952,****5518,29A,T***,******3747,PENDING
B1705,P1940,UK198,2026-01-31 11:37:36.952,****3242,3B,L***,******4029,CANCELLED
B1706,P1340,6F171,2025-09-07 11:37:36.952,****4172,15C,O***,******1687,CANCELLED
B1707,P1860,AI004,2025-07-05 11:37:36.952,****9479,1B,R***,******9365,CANCELLED
B1708,P1019,6F157,2025-11-22 11:37:36.952,****2689,3C,Z***,******0743,CONFIRMED
B1709,P1254,AI018,2025-10-03 11:37:36.952,****1009,22B,V***,******0661,CANCELLED
B1710,P1316,UK098,2025-08-05 11:37:36.952,****1643,21E,H***,******0381,CONFIRMED
B1711,P1037,6F167,2026-01-29 11:37:36.952,****8146,4C,J***,******4431,UNKNOWN
B1712,P1659,AI228,2025-09-06 11:37:36.952,****3788,17C,F***,******9130,CANCELLED
B1713,P1536,SJ242,2025-08-31 11:37:36.952,****8756,17D,A***,******1328,CANCELLED
B1714,P1385,6F227,2025-12-11 11:37:36.952,****1541,34C,Y***,******1002,PENDING
B1715,P1632,6F037,2025-08-27 11:37:36.952,****9108,20C,R***,******9547,CANCELLED
B1716,P1927,6F107,2025-12-22 11:37:36.952,****4356,28A,T***,******6925,PENDING
B1717,P1025,SJ125,2025-11-06 11:37:36.952,****6983,14A,I***,******7746,CANCELLED
B1718,P1453,UK117,2025-06-17 11:37:36.952,****6718,9B,O***,******7696,CANCELLED
B1719,P1680,6F192,2025-11-12 11:37:36.952,****1908,29E,M***,******5025,CANCELLED
B1720,P1322,AI201,2025-11-27 11:37:36.952,****0673,27B,K***,******2378,CANCELLED
B1721,P1736,SJ126,2026-03-25 11:37:36.952,****7605,21A,L***,******8415,PENDING
B1722,P1512,AI177,2026-02-10 11:37:36.952,****0486,5E,K***,******4457,PENDING
B1723,P1818,AI092,2025-12-23 11:37:36.952,****3201,26B,A***,******1969,CANCELLED
B1724,P1772,6F076,2025-10-10 11:37:36.952,****8919,11D,H***,******4296,CANCELLED
B1725,P1012,AI185,2025-04-29 11:37:36.952,****3717,1E,M***,******0747,PENDING
B1726,P1914,AI055,2025-05-14 11:37:36.952,****6942,2B,B***,******0806,CONFIRMED
B1727,P1907,6F222,2026-03-15 11:37:36.952,****0145,27D,U***,******1375,CONFIRMED
B1728,P1559,AI090,2025-12-12 11:37:36.952,****5873,1C,U***,******8503,CONFIRMED
B1729,P1920,AI183,2025-06-03 11:37:36.952,****8843,4F,A***,******5835,PENDING
B1730,P1824,AI041,2025-04-29 11:37:36.952,****6780,25F,A***,******3732,PENDING
B1731,P1370,6F210,2025-07-12 11:37:36.952,****8901,25F,T***,******6891,CONFIRMED
B1732,P1290,AI170,2026-01-15 11:37:36.952,****5037,3A,P***,******0707,CONFIRMED
B1733,P1331,SJ008,2026-04-16 11:37:36.952,****0703,2E,B***,******8779,CANCELLED
B1734,P1605,AI049,2025-09-29 11:37:36.952,****6282,27E,C***,******8705,PENDING
B1735,P1260,SJ132,2025-05-12 11:37:36.952,****0072,34E,C***,******7116,PENDING
B1736,P1993,SJ224,2026-01-26 11:37:36.952,****1680,28E,O***,******9849,CONFIRMED
B1737,P1789,UK038,2025-06-11 11:37:36.952,****7662,1E,D***,******5244,CONFIRMED
B1738,P1870,SJ220,2025-08-14 11:37:36.952,****1702,27B,X***,******3803,PENDING
B1739,P1204,6F124,2025-06-29 11:37:36.952,****6245,34F,A***,******2522,CANCELLED
B1740,P1696,SJ164,2025-11-16 11:37:36.952,****2425,14D,W***,******7652,CONFIRMED
B1741,P1686,AI026,2025-05-18 11:37:36.952,****5302,18E,B***,******9579,PENDING
B1742,P1949,6F144,2025-09-14 11:37:36.952,****7024,16D,A***,******2145,PENDING
B1743,P1386,6F137,2025-11-21 11:37:36.952,****3648,6F,W***,******2137,UNKNOWN
B1744,P1891,UK139,2025-09-05 11:37:36.952,****6488,10A,R***,******1410,CANCELLED
B1745,P1820,UK139,2025-05-20 11:37:36.952,****8546,27B,J***,******1103,CONFIRMED
B1746,P1467,SJ140,2025-08-31 11:37:36.952,****6799,34D,Y***,******8793,CONFIRMED
B1747,P1414,6F131,2025-04-20 11:37:36.952,****4972,9F,A***,******2405,CONFIRMED
B1748,P1068,UK128,2025-11-15 11:37:36.952,****2269,9A,U***,******9749,PENDING
B1749,P1471,SJ219,2026-02-19 11:37:36.952,****9623,23D,L***,******6991,CONFIRMED
B1750,P1103,SJ159,2025-09-21 11:37:36.952,****5876,33D,Z***,******2935,PENDING
B1751,P1757,UK192,2025-09-19 11:37:36.952,****0413,17E,I***,******8441,CONFIRMED
B1752,P1160,AI014,2025-08-13 11:37:36.952,****1539,34F,H***,******6711,CANCELLED
B1753,P1199,SJ152,2025-08-08 11:37:36.952,****6000,5C,H***,******3127,CANCELLED
B1754,P1215,SJ060,2026-02-11 11:37:36.952,****9143,3C,K***,******2758,PENDING
B1755,P1945,AI127,2026-02-17 11:37:36.952,****8975,10F,I***,******8329,CANCELLED
B1756,P1211,SJ096,2026-01-27 11:37:36.952,****6564,11F,P***,******1838,PENDING
B1757,P1507,AI215,2025-04-24 11:37:36.952,****0823,22B,V***,******7329,PENDING
B1758,P1015,UK009,2026-02-28 11:37:36.952,****1948,26B,K***,******6016,CANCELLED
B1759,P1497,AI171,2025-10-26 11:37:36.952,****0175,16F,T***,******8264,PENDING
B1760,P1883,UK151,2026-01-14 11:37:36.952,****8695,31B,C***,******3665,CANCELLED
B1761,P1331,AI099,2025-05-22 11:37:36.952,****4125,15A,C***,******7364,CONFIRMED
B1762,P1716,UK050,2025-06-04 11:37:36.952,****0077,32B,B***,******7986,CONFIRMED
B1763,P1876,UK092,2025-10-06 11:37:36.952,****6192,3B,D***,******6964,CANCELLED
B1764,P1550,SJ058,2025-06-20 11:37:36.952,****9387,13B,M***,******7667,CANCELLED
B1765,P1600,SJ090,2025-12-21 11:37:36.952,****4474,1C,Z***,******3223,CANCELLED
B1766,P1941,6F173,2025-09-07 11:37:36.952,****2351,1F,R***,******3967,CANCELLED
B1767,P1255,AI186,2025-11-19 11:37:36.952,****7085,6D,I***,******8557,CONFIRMED
B1768,P1991,AI130,2026-03-23 11:37:36.952,****1456,13C,G***,******3715,PENDING
B1769,P1765,SJ111,2025-11-23 11:37:36.952,****0558,6F,J***,******9187,UNKNOWN
B1770,P1727,6F203,2025-08-04 11:37:36.952,****6539,8D,R***,******4847,CONFIRMED
B1771,P1879,6F138,2025-05-24 11:37:36.952,****4093,1F,R***,******1929,PENDING
B1772,P1814,6F109,2025-08-29 11:37:36.952,****0398,10B,H***,******0379,UNKNOWN
B1773,P1171,AI074,2026-01-01 11:37:36.952,****6620,16E,W***,******2633,PENDING
B1774,P1648,UK161,2026-01-07 11:37:36.952,****0788,1B,J***,******8399,CANCELLED
B1775,P1999,AI008,2025-06-19 11:37:36.952,****6469,14B,A***,******5751,CANCELLED
B1776,P1497,UK121,2025-12-27 11:37:36.952,****3974,17A,P***,******4805,CANCELLED
B1777,P1470,6F154,2025-04-26 11:37:36.952,****9870,11A,Q***,******2332,CONFIRMED
B1778,P1383,6F161,2025-08-01 11:37:36.952,****3113,10D,C***,******3333,CONFIRMED
B1779,P1689,6F153,2026-02-01 11:37:36.952,****8580,22B,H***,******8308,PENDING
B1780,P1588,6F225,2026-02-10 11:37:36.952,****6047,11B,F***,******0421,PENDING
B1781,P1699,AI191,2026-02-09 11:37:36.952,****7745,18C,D***,******6256,PENDING
B1782,P1506,AI218,2025-08-18 11:37:36.952,****1714,25F,P***,******4515,CONFIRMED
B1783,P1991,6F267,2025-09-28 11:37:36.952,****9467,25D,S***,******0935,PENDING
B1784,P1526,UK125,2025-08-20 11:37:36.952,****6053,1B,S***,******5181,CANCELLED
B1785,P1803,6F208,2025-08-19 11:37:36.952,****5787,1B,I***,******6443,PENDING
B1786,P1830,6F119,2026-02-12 11:37:36.952,****6306,26B,A***,******4345,CANCELLED
B1787,P1324,AI063,2025-07-11 11:37:36.952,****8164,1E,F***,******6387,CONFIRMED
B1788,P1213,UK016,2025-06-05 11:37:36.952,****1203,2B,J***,******9612,CANCELLED
B1789,P1207,6F048,2026-01-13 11:37:36.952,****2375,30F,N***,******9133,CANCELLED
B1790,P1168,6F266,2025-04-23 11:37:36.952,****0098,28A,L***,******5551,CANCELLED
B1791,P1329,AI167,2026-02-24 11:37:36.952,****4492,3C,B***,******4040,CONFIRMED
B1792,P1279,6F165,2026-01-17 11:37:36.952,****5381,8E,E***,******4900,CONFIRMED
B1793,P1977,SJ104,2025-11-25 11:37:36.952,****6558,14C,J***,******6899,CONFIRMED
B1794,P1304,UK160,2025-06-26 11:37:36.952,****2952,8D,L***,******2055,CONFIRMED
B1795,P1145,UK160,2026-03-21 11:37:36.952,****3616,9C,M***,******1256,PENDING
B1796,P1774,SJ230,2025-11-28 11:37:36.952,****2660,9B,K***,******4004,CONFIRMED
B1797,P1515,AI042,2025-06-03 11:37:36.952,****0153,1A,S***,******9536,CANCELLED
B1798,P1089,UK197,2025-05-16 11:37:36.952,****1560,23E,L***,******7952,CONFIRMED
B1799,P1452,AI107,2026-02-05 11:37:36.952,****4413,16E,J***,******3044,PENDING
B1800,P1059,SJ128,2025-08-22 11:37:36.952,****6453,7F,D***,******2677,PENDING
B1801,P1310,6F121,2026-04-14 11:37:36.952,****7191,34F,Z***,******4800,PENDING
B1802,P1527,AI111,2025-06-30 11:37:36.952,****6561,16B,A***,******6611,UNKNOWN
B1803,P1226,SJ137,2026-02-21 11:37:36.952,****7680,24F,X***,******2358,CONFIRMED
B1804,P1473,AI232,2025-11-12 11:37:36.952,****1843,1F,L***,******7409,CONFIRMED
B1805,P1977,SJ113,2025-10-26 11:37:36.952,****5673,14B,A***,******0072,CONFIRMED
B1806,P1540,AI117,2025-08-02 11:37:36.952,****3964,17A,S***,******5917,CANCELLED
B1807,P1662,6F185,2025-06-28 11:37:36.952,****6769,12C,B***,******0544,CANCELLED
B1808,P1756,AI194,2026-01-26 11:37:36.952,****3852,3B,R***,******8184,PENDING
B1809,P1781,UK045,2026-04-09 11:37:36.952,****4016,13B,K***,******6068,PENDING
B1810,P1078,6F228,2026-03-20 11:37:36.952,****4719,34B,S***,******6421,CONFIRMED
B1811,P1432,SJ190,2026-04-04 11:37:36.952,****5452,25A,S***,******0858,CANCELLED
B1812,P1800,AI156,2026-01-06 11:37:36.952,****1383,8A,E***,******5943,CANCELLED
B1813,P1152,AI104,2025-04-21 11:37:36.952,****2262,9D,D***,******9254,UNKNOWN
B1814,P1788,UK033,2025-06-22 11:37:36.952,****6806,26C,C***,******2354,CONFIRMED
B1815,P1400,UK137,2025-05-01 11:37:36.952,****5036,3C,O***,******2431,PENDING
B1816,P1278,UK214,2025-06-21 11:37:36.952,****4107,20F,Y***,******0724,PENDING
B1817,P1056,6F033,2025-06-07 11:37:36.952,****7582,28D,J***,******5836,PENDING
B1818,P1976,AI114,2025-11-07 11:37:36.952,****2003,26B,L***,******6645,CONFIRMED
B1819,P1185,AI017,2026-01-19 11:37:36.952,****4974,21E,W***,******3150,CONFIRMED
B1820,P1397,6F244,2025-12-01 11:37:36.952,****3997,18E,J***,******9804,PENDING
B1821,P1604,6F160,2025-11-27 11:37:36.952,****9955,1C,U***,******1814,PENDING
B1822,P1787,6F088,2026-01-05 11:37:36.952,****2239,17D,G***,******4944,CANCELLED
B1823,P1157,6F155,2025-11-26 11:37:36.952,****8115,19E,D***,******9978,CANCELLED
B1824,P1786,AI095,2026-04-15 11:37:36.952,****2762,9B,V***,******9591,PENDING
B1825,P1692,6F139,2025-05-17 11:37:36.952,****6787,5E,N***,******3447,PENDING
B1826,P1358,6F101,2025-07-11 11:37:36.952,****7058,19A,E***,******1324,CANCELLED
B1827,P1439,AI054,2025-06-23 11:37:36.952,****4956,20D,E***,******8662,PENDING
B1828,P1588,SJ094,2025-05-18 11:37:36.952,****7949,25B,S***,******0685,CANCELLED
B1829,P1465,6F217,2026-01-15 11:37:36.952,****6108,4E,Z***,******4517,CANCELLED
B1830,P1662,6F100,2026-04-15 11:37:36.952,****0165,23C,K***,******1529,CANCELLED
B1831,P1445,6F081,2026-02-05 11:37:36.952,****7865,21C,K***,******6991,CONFIRMED
B1832,P1749,SJ156,2025-06-17 11:37:36.952,****6400,4D,Y***,******2142,CONFIRMED
B1833,P1800,6F060,2025-06-07 11:37:36.952,****4051,27D,J***,******4267,PENDING
B1834,P1742,UK129,2025-08-14 11:37:36.952,****4441,33E,M***,******1511,CANCELLED
B1835,P1487,UK032,2026-02-07 11:37:36.952,****8686,2E,N***,******2240,CONFIRMED
B1836,P1529,AI166,2025-09-23 11:37:36.952,****7036,13A,E***,******3090,PENDING
B1837,P1072,SJ056,2025-10-31 11:37:36.952,****6020,22F,H***,******9029,PENDING
B1838,P1928,SJ101,2025-06-12 11:37:36.952,****9413,18F,B***,******8297,PENDING
B1839,P1927,SJ065,2025-05-09 11:37:36.952,****9797,9C,Z***,******8494,PENDING
B1840,P1700,SJ100,2025-04-19 11:37:36.952,****5694,34A,A***,******6349,PENDING
B1841,P1949,UK011,2025-10-24 11:37:36.952,****6748,1E,C***,******8358,CANCELLED
B1842,P1016,6F062,2026-02-17 11:37:36.952,****0598,3B,G***,******0123,PENDING
B1843,P1530,SJ176,2025-08-15 11:37:36.952,****2031,23E,O***,******4938,CANCELLED
B1844,P1730,6F120,2025-11-26 11:37:36.952,****7342,3B,O***,******6465,CONFIRMED
B1845,P1325,AI121,2026-03-05 11:37:36.952,****8675,24A,B***,******1803,PENDING
B1846,P1994,UK072,2025-08-30 11:37:36.952,****2308,34F,F***,******8958,CONFIRMED
B1847,P1631,AI006,2026-04-06 11:37:36.952,****4196,11B,A***,******7140,CANCELLED
B1848,P1612,SJ231,2025-05-19 11:37:36.952,****6942,30D,O***,******7655,CANCELLED
B1849,P1545,SJ129,2025-06-24 11:37:36.952,****3066,12E,W***,******6604,UNKNOWN
B1850,P1595,6F110,2025-04-21 11:37:36.952,****8178,33B,C***,******9822,PENDING
B1851,P1920,6F231,2025-11-26 11:37:36.952,****9469,2D,Y***,******7673,PENDING
B1852,P1707,6F095,2025-08-09 11:37:36.952,****7179,33E,C***,******6582,CONFIRMED
B1853,P1841,UK054,2025-05-05 11:37:36.952,****0065,18F,E***,******0990,CONFIRMED
B1854,P1201,SJ123,2025-08-10 11:37:36.952,****9541,29D,N***,******2192,CONFIRMED
B1855,P1343,6F006,2026-01-04 11:37:36.952,****1889,3D,O***,******4333,PENDING
B1856,P1852,UK226,2025-05-04 11:37:36.952,****1579,4E,U***,******8415,PENDING
B1857,P1522,AI065,2026-03-07 11:37:36.952,****6838,17E,H***,******4646,PENDING
B1858,P1858,6F008,2025-11-25 11:37:36.952,****0761,10B,D***,******6025,UNKNOWN
B1859,P1399,AI195,2025-11-11 11:37:36.952,****0518,7B,H***,******3071,PENDING
B1860,P1217,UK043,2025-08-01 11:37:36.952,****7066,3A,K***,******0640,UNKNOWN
B1861,P1444,AI125,2025-10-15 11:37:36.952,****2982,25E,Y***,******4769,CONFIRMED
B1862,P1764,AI089,2025-10-05 11:37:36.952,****9703,21A,E***,******4480,PENDING
B1863,P1221,UK019,2026-02-12 11:37:36.952,****6833,22C,U***,******8235,CONFIRMED
B1864,P1382,UK078,2025-09-27 11:37:36.952,****2315,22C,A***,******9220,CANCELLED
B1865,P1880,SJ009,2025-07-28 11:37:36.952,****2187,15E,Y***,******2016,CANCELLED
B1866,P1591,UK178,2026-01-28 11:37:36.952,****5883,7A,G***,******2871,CONFIRMED
B1867,P1006,UK018,2025-11-23 11:37:36.952,****2350,13D,B***,******4928,CONFIRMED
B1868,P1271,SJ059,2026-04-10 11:37:36.952,****1097,29E,O***,******9805,CANCELLED
B1869,P1738,UK108,2026-02-04 11:37:36.952,****4568,19C,N***,******0712,CONFIRMED
B1870,P1015,6F045,2025-04-25 11:37:36.952,****6640,5D,D***,******6506,CANCELLED
B1871,P1423,AI144,2025-10-04 11:37:36.952,****7831,23E,N***,******4791,CANCELLED
B1872,P1523,AI244,2025-07-09 11:37:36.952,****7318,26E,Y***,******6502,PENDING
B1873,P1802,6F265,2025-04-25 11:37:36.952,****5854,11B,W***,******8875,CONFIRMED
B1874,P1752,6F108,2026-01-26 11:37:36.952,****1854,16E,W***,******6358,CONFIRMED
B1875,P1020,6F069,2025-06-17 11:37:36.952,****4467,17D,G***,******7200,PENDING
B1876,P1689,6F072,2025-06-14 11:37:36.952,****8417,18F,Y***,******2552,CANCELLED
B1877,P1938,6F096,2025-11-09 11:37:36.952,****0221,33F,W***,******7284,CONFIRMED
B1878,P1227,SJ233,2025-12-31 11:37:36.952,****1344,31D,I***,******8597,PENDING
B1879,P1784,AI203,2025-12-03 11:37:36.952,****7740,9E,C***,******1228,PENDING
B1880,P1287,UK147,2026-03-08 11:37:36.952,****0265,2E,W***,******1556,CONFIRMED
B1881,P1808,UK039,2025-08-26 11:37:36.952,****6677,8E,B***,******6710,PENDING
B1882,P1133,6F216,2025-10-17 11:37:36.952,****2563,18B,A***,******0189,CANCELLED
B1883,P1983,AI214,2025-11-17 11:37:36.952,****9980,5B,R***,******7289,PENDING
B1884,P1282,UK025,2025-08-31 11:37:36.952,****5901,31D,A***,******0744,CANCELLED
B1885,P1403,UK053,2025-08-10 11:37:36.952,****1440,11B,N***,******1436,CANCELLED
B1886,P1664,6F130,2026-02-12 11:37:36.952,****6564,9D,C***,******8489,UNKNOWN
B1887,P1065,6F247,2026-03-09 11:37:36.952,****2631,23F,C***,******5663,PENDING
B1888,P1648,6F159,2025-12-25 11:37:36.952,****2277,25C,J***,******2120,CANCELLED
B1889,P1603,UK086,2026-02-24 11:37:36.952,****8502,22C,E***,******6194,CANCELLED
B1890,P1436,6F102,2025-08-30 11:37:36.952,****8672,12E,Y***,******2127,PENDING
B1891,P1828,UK186,2026-01-26 11:37:36.952,****3145,18D,A***,******5420,CANCELLED
B1892,P1933,6F032,2025-08-24 11:37:36.952,****2511,17F,K***,******0094,PENDING
B1893,P1258,6F186,2025-08-02 11:37:36.952,****3120,19A,M***,******1916,CONFIRMED
B1894,P1979,6F106,2026-02-24 11:37:36.952,****6183,4F,H***,******0425,CANCELLED
B1895,P1965,AI021,2025-10-05 11:37:36.952,****7314,14E,M***,******7042,CANCELLED
B1896,P1102,AI157,2025-11-30 11:37:36.952,****6786,11F,Y***,******5052,PENDING
B1897,P1992,6F054,2025-11-01 11:37:36.952,****8710,26F,X***,******5523,PENDING
B1898,P1566,AI187,2025-10-03 11:37:36.952,****0680,10D,C***,******2963,PENDING
B1899,P1768,SJ124,2025-09-28 11:37:36.952,****3060,4B,L***,******8844,PENDING
B1900,P1100,SJ223,2025-10-06 11:37:36.952,****5052,11C,U***,******4878,CANCELLED
B1901,P1197,UK103,2025-04-25 11:37:36.952,****6701,21A,T***,******8079,CONFIRMED
B1902,P1812,SJ157,2026-02-08 11:37:36.952,****1663,14F,Y***,******7410,CONFIRMED
B1903,P1225,6F242,2025-11-06 11:37:36.952,****0539,9B,F***,******1530,CONFIRMED
B1904,P1942,UK213,2025-07-01 11:37:36.952,****1901,8B,N***,******6866,CONFIRMED
B1905,P1462,SJ120,2026-02-13 11:37:36.952,****1332,24B,C***,******2608,PENDING
B1906,P1236,AI035,2025-08-11 11:37:36.952,****4564,22B,Y***,******7385,CANCELLED
B1907,P1025,6F147,2026-01-14 11:37:36.952,****4976,1B,V***,******9236,CANCELLED
B1908,P1120,SJ229,2025-08-09 11:37:36.952,****4209,23B,V***,******6686,CANCELLED
B1909,P1909,AI230,2025-11-14 11:37:36.952,****9852,31B,J***,******4025,PENDING
B1910,P1505,UK162,2025-06-10 11:37:36.952,****6559,5C,I***,******1612,CANCELLED
B1911,P1181,AI066,2025-05-29 11:37:36.952,****8096,27C,D***,******0684,PENDING
B1912,P1710,6F205,2025-09-09 11:37:36.952,****6952,19D,U***,******3156,CANCELLED
B1913,P1813,AI124,2025-05-24 11:37:36.952,****5389,27B,V***,******1954,CONFIRMED
B1914,P1766,UK114,2025-10-19 11:37:36.952,****6792,20A,V***,******5246,PENDING
B1915,P1633,AI231,2025-06-03 11:37:36.952,****3835,18B,L***,******9217,CANCELLED
B1916,P1542,AI113,2025-10-30 11:37:36.952,****3906,7D,X***,******5266,CONFIRMED
B1917,P1983,UK180,2025-08-03 11:37:36.952,****9981,27A,I***,******6057,UNKNOWN
B1918,P1314,UK180,2025-10-07 11:37:36.952,****8371,2B,A***,******0050,CONFIRMED
B1919,P1990,6F080,2026-03-17 11:37:36.952,****0720,7C,D***,******2300,PENDING
B1920,P1796,SJ095,2025-05-11 11:37:36.952,****2649,14A,M***,******8435,PENDING
B1921,P1617,SJ115,2025-04-24 11:37:36.952,****4762,21F,S***,******9707,CANCELLED
B1922,P1735,AI142,2025-05-14 11:37:36.952,****5633,7D,Y***,******3869,CONFIRMED
B1923,P1272,UK169,2025-11-28 11:37:36.952,****3694,33F,D***,******2115,CANCELLED
B1924,P1909,SJ041,2025-05-04 11:37:36.952,****4971,27D,Z***,******2973,CANCELLED
B1925,P1231,UK171,2025-04-20 11:37:36.952,****3910,7D,E***,******0232,CONFIRMED
B1926,P1419,AI081,2025-11-27 11:37:36.952,****6399,18F,K***,******7004,CANCELLED
B1927,P1767,AI162,2026-01-28 11:37:36.952,****4437,27D,O***,******2307,PENDING
B1928,P1441,SJ037,2026-01-23 11:37:36.952,****0984,6F,H***,******6146,CANCELLED
B1929,P1495,SJ037,2025-11-05 11:37:36.952,****0148,6A,A***,******0448,CONFIRMED
B1930,P1023,UK080,2025-12-16 11:37:36.952,****0042,3B,R***,******3639,PENDING
B1931,P1108,SJ031,2025-09-26 11:37:36.952,****1990,16C,A***,******9946,PENDING
B1932,P1702,AI199,2025-12-28 11:37:36.952,****4842,4B,U***,******4441,CANCELLED
B1933,P1501,6F082,2025-05-28 11:37:36.952,****9179,7B,B***,******3805,CANCELLED
B1934,P1858,UK217,2026-04-12 11:37:36.952,****1713,9F,V***,******5807,PENDING
B1935,P1024,UK014,2026-04-13 11:37:36.952,****7028,6C,V***,******3421,CANCELLED
B1936,P1186,SJ180,2026-01-11 11:37:36.952,****5271,14D,A***,******0382,CONFIRMED
B1937,P1287,6F268,2026-02-19 11:37:36.952,****6391,16E,J***,******5218,CANCELLED
B1938,P1627,UK205,2026-04-07 11:37:36.952,****1619,19B,M***,******4643,CANCELLED
B1939,P1337,SJ212,2025-07-22 11:37:36.952,****0131,22B,M***,******9435,PENDING
B1940,P1877,UK052,2025-06-25 11:37:36.952,****6168,17C,B***,******1855,CANCELLED
B1941,P1913,UK230,2025-06-13 11:37:36.952,****1025,19D,F***,******5442,CANCELLED
B1942,P1036,AI145,2025-07-18 11:37:36.952,****9488,23D,R***,******6625,CANCELLED
B1943,P1793,SJ035,2026-03-13 11:37:36.952,****3005,7E,V***,******2940,CONFIRMED
B1944,P1136,SJ184,2025-07-20 11:37:36.952,****5584,10B,S***,******9984,CANCELLED
B1945,P1507,6F207,2025-11-03 11:37:36.952,****6256,24A,A***,******8592,CONFIRMED
B1946,P1226,UK144,2026-03-30 11:37:36.952,****1441,15A,L***,******6602,CONFIRMED
B1947,P1319,AI126,2025-10-22 11:37:36.952,****0871,1A,W***,******1615,CONFIRMED
B1948,P1839,SJ145,2025-05-19 11:37:36.952,****1728,10A,C***,******4234,CONFIRMED
B1949,P1915,6F040,2025-05-16 11:37:36.952,****1522,15B,U***,******7188,PENDING
B1950,P1181,UK049,2025-06-15 11:37:36.952,****0847,21B,C***,******9225,CONFIRMED
B1951,P1873,UK049,2026-03-18 11:37:36.952,****0041,3F,O***,******9796,CANCELLED
B1952,P1085,AI087,2025-10-18 11:37:36.952,****1135,2C,U***,******4789,CONFIRMED
B1953,P1466,AI152,2025-05-24 11:37:36.952,****9206,19A,L***,******2480,CANCELLED
B1954,P1925,SJ240,2025-11-06 11:37:36.952,****8302,2A,N***,******2001,CONFIRMED
B1955,P1052,AI212,2025-09-14 11:37:36.952,****3419,22B,V***,******5387,PENDING
B1956,P1859,AI064,2025-09-21 11:37:36.952,****6742,3B,R***,******9169,CONFIRMED
B1957,P1866,6F093,2025-06-07 11:37:36.952,****0635,32E,E***,******7600,CONFIRMED
B1958,P1234,AI118,2025-04-28 11:37:36.952,****1213,29C,D***,******6511,PENDING
B1959,P1958,AI172,2025-12-19 11:37:36.952,****5585,23D,V***,******7933,CONFIRMED
B1960,P1778,6F183,2026-01-30 11:37:36.952,****4290,27E,B***,******8946,CANCELLED
B1961,P1798,6F200,2025-07-15 11:37:36.952,****2898,28A,O***,******4518,CONFIRMED
B1962,P1432,SJ077,2025-12-23 11:37:36.952,****7337,18C,B***,******9246,CONFIRMED
B1963,P1495,UK030,2026-02-24 11:37:36.952,****7613,27F,W***,******8001,CONFIRMED
B1964,P1998,SJ232,2025-05-21 11:37:36.952,****5308,18B,B***,******2887,PENDING
B1965,P1099,6F090,2026-01-29 11:37:36.952,****9644,20D,A***,******9379,CONFIRMED
B1966,P1989,UK002,2025-11-06 11:37:36.952,****2324,12B,H***,******0512,CONFIRMED
B1967,P1598,AI154,2025-07-03 11:37:36.952,****7241,22C,B***,******3141,CANCELLED
B1968,P1402,6F089,2025-10-11 11:37:36.952,****5574,2D,W***,******4142,CONFIRMED
B1969,P1395,6F218,2026-04-08 11:37:36.952,****2425,29A,Y***,******5719,CONFIRMED
B1970,P1526,6F241,2025-11-26 11:37:36.952,****5945,12B,A***,******5066,CONFIRMED
B1971,P1414,6F116,2025-08-20 11:37:36.952,****6304,2B,I***,******9642,CONFIRMED
B1972,P1938,UK199,2025-04-18 11:37:36.952,****7217,19B,N***,******8516,CANCELLED
B1973,P1612,SJ033,2025-04-28 11:37:36.952,****6782,8C,A***,******3057,CANCELLED
B1974,P1676,AI210,2025-08-03 11:37:36.952,****3706,15B,A***,******3035,PENDING
B1975,P1462,UK148,2025-08-26 11:37:36.952,****9280,20E,C***,******9630,UNKNOWN
B1976,P1540,AI229,2025-08-27 11:37:36.952,****1901,16F,P***,******3619,PENDING
B1977,P1625,UK005,2026-01-01 11:37:36.952,****9719,4A,P***,******4286,PENDING
B1978,P1618,SJ080,2025-12-07 11:37:36.952,****6162,12C,F***,******7464,CONFIRMED
B1979,P1921,SJ092,2025-12-02 11:37:36.952,****5594,1F,N***,******0698,CANCELLED
B1980,P1363,SJ055,2025-12-04 11:37:36.952,****4532,15A,Q***,******7348,CANCELLED
B1981,P1129,AI239,2025-05-17 11:37:36.952,****1456,19D,V***,******2612,CONFIRMED
B1982,P1083,6F162,2025-06-17 11:37:36.952,****9453,7A,Y***,******6975,UNKNOWN
B1983,P1270,UK101,2025-06-28 11:37:36.952,****0527,27A,A***,******7066,UNKNOWN
B1984,P1243,6F198,2025-04-25 11:37:36.952,****5780,27F,W***,******7129,CONFIRMED
B1985,P1387,6F239,2025-09-28 11:37:36.952,****3116,31F,A***,******3192,CONFIRMED
B1986,P1213,SJ177,2025-10-07 11:37:36.952,****5322,13F,C***,******2114,CONFIRMED
B1987,P1817,6F044,2026-03-12 11:37:36.952,****1268,19F,A***,******0463,CANCELLED
B1988,P1165,6F248,2026-02-17 11:37:36.952,****4294,13A,W***,******0464,PENDING
B1989,P1790,6F002,2025-12-10 11:37:36.952,****9892,16F,J***,******6840,UNKNOWN
B1990,P1058,SJ197,2026-03-31 11:37:36.952,****9866,14B,D***,******8281,CONFIRMED
B1991,P1601,UK091,2026-01-14 11:37:36.952,****8376,22E,N***,******0428,CANCELLED
B1992,P1882,6F215,2025-04-25 11:37:36.952,****1140,25C,D***,******2908,CONFIRMED
B1993,P1842,AI093,2026-03-11 11:37:36.952,****6735,5B,C***,******9255,CANCELLED
B1994,P1923,UK090,2026-03-31 11:37:36.952,****3756,21D,T***,******0874,CONFIRMED
B1995,P1503,SJ005,2025-11-20 11:37:36.952,****4962,11C,K***,******8644,CANCELLED
B1996,P1705,UK106,2025-08-08 11:37:36.952,****6250,27E,M***,******9827,CANCELLED
B1997,P1122,6F223,2025-05-03 11:37:36.952,****5120,27B,K***,******6636,PENDING
B1998,P1647,6F011,2025-10-23 11:37:36.952,****5097,14C,U***,******5033,CONFIRMED
B1999,P1412,UK124,2025-08-08 11:37:36.952,****4650,12B,T***,******2188,UNKNOWN
