flight_id,airline,source,destination,departure_time,arrival_time,duration_hours,overnight_flag,route
SJ010,SpiceJet,CCU,MAA,2026-04-20 23:38:41.701,2026-04-21 02:32:41.701,2.9,True,CCU - MAA
AI155,Air India,BOM,CCU,2026-04-20 23:35:41.703,2026-04-21 01:23:41.703,1.8,True,BOM - CCU
UK094,Vistara,BOM,CCU,2026-04-20 23:26:41.702,2026-04-21 01:11:41.702,1.75,True,BOM - CCU
AI245,Air India,BOM,CCU,2026-04-20 23:07:41.704,2026-04-21 01:43:41.704,2.6,True,BOM - CCU
AI192,Air India,MAA,BOM,2026-04-20 23:05:41.703,2026-04-21 04:04:41.703,4.98,True,MAA - BOM
SJ158,SpiceJet,DEL,HYD,2026-04-20 23:05:41.703,2026-04-21 01:24:41.703,2.32,True,DEL - HYD
6F196,IndiGo,CCU,MAA,2026-04-20 23:04:41.703,2026-04-21 00:47:41.703,1.72,True,CCU - MAA
AI080,Air India,BOM,HYD,2026-04-20 23:03:41.702,2026-04-21 00:35:41.702,1.53,True,BOM - HYD
6F025,IndiGo,BLR,BOM,2026-04-20 23:02:41.701,2026-04-20 23:57:41.701,0.92,False,BLR - BOM
6F251,IndiGo,DEL,BLR,2026-04-20 22:56:41.703,2026-04-20 23:37:41.703,0.68,False,DEL - BLR
AI137,Air India,BOM,DEL,2026-04-20 22:49:41.702,2026-04-21 01:17:41.702,2.47,True,BOM - DEL
6F026,IndiGo,BOM,CCU,2026-04-20 22:46:42.000,2026-04-21 03:13:42.000,4.45,True,BOM - CCU
UK167,Vistara,DEL,MAA,2026-04-20 22:45:41.703,2026-04-21 01:46:41.703,3.02,True,DEL - MAA
UK027,Vistara,BOM,CCU,2026-04-20 22:44:41.701,2026-04-21 01:05:41.701,2.35,True,BOM - CCU
AI069,Air India,DEL,BOM,2026-04-20 22:43:41.702,2026-04-21 02:29:41.702,3.77,True,DEL - BOM
AI058,Air India,BOM,CCU,2026-04-20 22:40:41.701,2026-04-21 00:18:41.701,1.63,True,BOM - CCU
AI140,Air India,BOM,DEL,2026-04-20 22:25:41.702,2026-04-21 02:08:41.702,3.72,True,BOM - DEL
SJ239,SpiceJet,BOM,CCU,2026-04-20 22:24:41.704,2026-04-21 00:10:41.704,1.77,True,BOM - CCU
6F099,IndiGo,MAA,DEL,2026-04-20 22:24:41.702,2026-04-20 22:59:41.702,0.58,False,MAA - DEL
AI048,Air India,CCU,DEL,2026-04-20 22:23:41.701,2026-04-21 02:15:41.701,3.87,True,CCU - DEL
SJ112,SpiceJet,HYD,DEL,2026-04-20 22:20:41.702,2026-04-21 00:40:41.702,2.33,True,HYD - DEL
6F164,IndiGo,BLR,BOM,2026-04-20 22:18:41.703,2026-04-21 00:45:41.703,2.45,True,BLR - BOM
UK021,Vistara,HYD,MAA,2026-04-20 22:00:41.701,2026-04-20 23:50:41.701,1.83,False,HYD - MAA
SJ172,SpiceJet,CCU,DEL,2026-04-20 21:58:41.703,2026-04-21 01:14:41.703,3.27,True,CCU - DEL
AI060,Air India,DEL,HYD,2026-04-20 21:58:41.701,2026-04-20 23:51:41.701,1.88,False,DEL - HYD
SJ205,SpiceJet,HYD,CCU,2026-04-20 21:56:41.703,2026-04-20 23:00:41.703,1.07,False,HYD - CCU
SJ093,SpiceJet,BLR,BOM,2026-04-20 21:55:41.702,2026-04-20 23:01:41.702,1.1,False,BLR - BOM
6F195,IndiGo,CCU,DEL,2026-04-20 21:44:41.703,2026-04-20 22:39:41.703,0.92,False,CCU - DEL
UK003,Vistara,HYD,DEL,2026-04-20 21:41:41.700,2026-04-21 02:19:41.700,4.63,True,HYD - DEL
UK026,Vistara,HYD,MAA,2026-04-20 21:38:41.701,2026-04-20 23:44:41.701,2.1,False,HYD - MAA
6F174,IndiGo,DEL,HYD,2026-04-20 21:36:41.703,2026-04-20 22:16:41.703,0.67,False,DEL - HYD
UK067,Vistara,BOM,CCU,2026-04-20 21:36:41.701,2026-04-21 01:02:41.701,3.43,True,BOM - CCU
SJ149,SpiceJet,HYD,MAA,2026-04-20 21:20:41.702,2026-04-20 23:20:42.000,2.0,False,HYD - MAA
6F213,IndiGo,BLR,BOM,2026-04-20 21:05:41.703,2026-04-21 00:32:41.703,3.45,True,BLR - BOM
UK200,Vistara,CCU,DEL,2026-04-20 20:54:41.703,2026-04-20 22:45:41.703,1.85,False,CCU - DEL
SJ214,SpiceJet,BOM,MAA,2026-04-20 20:54:41.703,2026-04-20 22:10:41.703,1.27,False,BOM - MAA
SJ047,SpiceJet,HYD,BOM,2026-04-20 20:44:41.701,2026-04-20 21:21:41.701,0.62,False,HYD - BOM
AI179,Air India,HYD,BOM,2026-04-20 20:41:41.703,2026-04-21 01:19:41.703,4.63,True,HYD - BOM
SJ153,SpiceJet,DEL,CCU,2026-04-20 20:37:41.702,2026-04-20 22:00:41.702,1.38,False,DEL - CCU
6F236,IndiGo,BOM,DEL,2026-04-20 20:35:41.704,2026-04-20 23:54:41.704,3.32,False,BOM - DEL
UK059,Vistara,HYD,MAA,2026-04-20 20:33:41.701,2026-04-20 22:10:41.701,1.62,False,HYD - MAA
SJ001,SpiceJet,BOM,MAA,2026-04-20 20:28:41.700,2026-04-21 01:15:41.700,4.78,True,BOM - MAA
SJ049,SpiceJet,CCU,DEL,2026-04-20 20:26:41.701,2026-04-21 00:26:41.701,4.0,True,CCU - DEL
6F086,IndiGo,MAA,HYD,2026-04-20 20:23:41.702,2026-04-20 21:00:41.702,0.62,False,MAA - HYD
AI220,Air India,BOM,DEL,2026-04-20 20:19:41.703,2026-04-20 21:57:41.703,1.63,False,BOM - DEL
AI188,Air India,CCU,HYD,2026-04-20 20:16:41.703,2026-04-20 23:02:41.703,2.77,False,CCU - HYD
6F114,IndiGo,BOM,MAA,2026-04-20 20:10:41.702,2026-04-20 21:00:41.702,0.83,False,BOM - MAA
SJ179,SpiceJet,DEL,HYD,2026-04-20 20:09:41.703,2026-04-20 23:39:41.703,3.5,False,DEL - HYD
6F190,IndiGo,DEL,MAA,2026-04-20 20:02:41.703,2026-04-21 00:36:41.703,4.57,True,DEL - MAA
SJ003,SpiceJet,MAA,CCU,2026-04-20 19:50:41.701,2026-04-20 20:32:41.701,0.7,False,MAA - CCU
6F028,IndiGo,HYD,CCU,2026-04-20 19:49:41.701,2026-04-20 21:49:41.701,2.0,False,HYD - CCU
UK036,Vistara,CCU,BLR,2026-04-20 19:48:41.701,2026-04-21 00:12:41.701,4.4,True,CCU - BLR
SJ160,SpiceJet,MAA,BLR,2026-04-20 19:45:41.703,2026-04-20 20:30:41.703,0.75,False,MAA - BLR
6F151,IndiGo,CCU,HYD,2026-04-20 19:44:41.703,2026-04-20 22:04:41.703,2.33,False,CCU - HYD
UK140,Vistara,MAA,BLR,2026-04-20 19:37:41.703,2026-04-20 21:00:41.703,1.38,False,MAA - BLR
AI115,Air India,MAA,BLR,2026-04-20 19:37:41.702,2026-04-21 00:26:41.702,4.82,True,MAA - BLR
AI132,Air India,BLR,BOM,2026-04-20 19:32:41.702,2026-04-20 21:41:41.702,2.15,False,BLR - BOM
UK209,Vistara,MAA,BLR,2026-04-20 19:02:41.704,2026-04-20 21:47:41.704,2.75,False,MAA - BLR
SJ043,SpiceJet,MAA,DEL,2026-04-20 18:59:41.701,2026-04-20 21:08:41.701,2.15,False,MAA - DEL
UK176,Vistara,HYD,BLR,2026-04-20 18:41:41.703,2026-04-20 22:49:41.703,4.13,False,HYD - BLR
UK216,Vistara,MAA,HYD,2026-04-20 18:33:41.704,2026-04-20 21:47:41.704,3.23,False,MAA - HYD
UK150,Vistara,DEL,CCU,2026-04-20 18:31:41.703,2026-04-20 19:01:41.703,0.5,False,DEL - CCU
UK145,Vistara,BOM,HYD,2026-04-20 18:30:41.703,2026-04-20 20:41:41.703,2.18,False,BOM - HYD
6F270,IndiGo,HYD,MAA,2026-04-20 18:14:41.701,2026-04-20 19:02:41.701,0.8,False,HYD - MAA
6F012,IndiGo,CCU,HYD,2026-04-20 18:06:41.701,2026-04-20 21:31:41.701,3.42,False,CCU - HYD
SJ236,SpiceJet,MAA,BOM,2026-04-20 18:03:41.704,2026-04-20 22:02:41.704,3.98,False,MAA - BOM
6F149,IndiGo,BLR,CCU,2026-04-20 17:57:41.703,2026-04-20 20:42:41.703,2.75,False,BLR - CCU
UK004,Vistara,BOM,CCU,2026-04-20 17:56:41.700,2026-04-20 18:30:41.700,0.57,False,BOM - CCU
UK010,Vistara,MAA,HYD,2026-04-20 17:53:41.701,2026-04-20 20:40:41.701,2.78,False,MAA - HYD
UK215,Vistara,BOM,DEL,2026-04-20 17:38:41.704,2026-04-20 19:50:41.704,2.2,False,BOM - DEL
SJ116,SpiceJet,HYD,CCU,2026-04-20 17:33:41.702,2026-04-20 19:02:41.702,1.48,False,HYD - CCU
SJ023,SpiceJet,HYD,MAA,2026-04-20 17:27:41.701,2026-04-20 19:09:41.701,1.7,False,HYD - MAA
UK152,Vistara,BOM,CCU,2026-04-20 17:24:41.703,2026-04-20 20:13:41.703,2.82,False,BOM - CCU
SJ202,SpiceJet,CCU,HYD,2026-04-20 17:21:41.703,2026-04-20 19:08:41.703,1.78,False,CCU - HYD
6F043,IndiGo,BOM,HYD,2026-04-20 17:17:41.701,2026-04-20 18:43:41.701,1.43,False,BOM - HYD
UK173,Vistara,MAA,BLR,2026-04-20 17:06:41.703,2026-04-20 21:22:41.703,4.27,False,MAA - BLR
SJ081,SpiceJet,BOM,BLR,2026-04-20 17:04:41.702,2026-04-20 18:53:41.702,1.82,False,BOM - BLR
UK153,Vistara,CCU,HYD,2026-04-20 16:52:41.703,2026-04-20 20:53:41.703,4.02,False,CCU - HYD
UK187,Vistara,BLR,BOM,2026-04-20 16:52:41.703,2026-04-20 18:42:41.703,1.83,False,BLR - BOM
UK055,Vistara,HYD,DEL,2026-04-20 16:48:41.701,2026-04-20 19:31:41.701,2.72,False,HYD - DEL
UK181,Vistara,MAA,DEL,2026-04-20 16:44:41.703,2026-04-20 19:26:41.703,2.7,False,MAA - DEL
UK074,Vistara,BOM,DEL,2026-04-20 16:44:41.702,2026-04-20 18:41:41.702,1.95,False,BOM - DEL
SJ068,SpiceJet,BLR,BOM,2026-04-20 16:44:41.701,2026-04-20 18:48:41.701,2.07,False,BLR - BOM
AI242,Air India,BLR,CCU,2026-04-20 16:41:41.704,2026-04-20 17:43:41.704,1.03,False,BLR - CCU
SJ237,SpiceJet,BOM,CCU,2026-04-20 16:32:41.704,2026-04-20 19:00:41.704,2.47,False,BOM - CCU
6F194,IndiGo,BOM,CCU,2026-04-20 16:29:41.703,2026-04-20 18:27:41.703,1.97,False,BOM - CCU
UK063,Vistara,DEL,BOM,2026-04-20 16:29:41.701,2026-04-20 17:41:41.701,1.2,False,DEL - BOM
UK068,Vistara,BLR,MAA,2026-04-20 16:28:41.701,2026-04-20 18:09:41.701,1.68,False,BLR - MAA
UK224,Vistara,CCU,MAA,2026-04-20 16:25:41.704,2026-04-20 20:24:41.704,3.98,False,CCU - MAA
UK077,Vistara,HYD,BOM,2026-04-20 16:22:41.702,2026-04-20 18:00:41.702,1.63,False,HYD - BOM
UK207,Vistara,MAA,CCU,2026-04-20 16:21:41.703,2026-04-20 17:36:41.703,1.25,False,MAA - CCU
AI221,Air India,MAA,HYD,2026-04-20 16:18:41.703,2026-04-20 18:54:41.703,2.6,False,MAA - HYD
UK109,Vistara,BLR,BOM,2026-04-20 16:06:41.702,2026-04-20 17:06:42.000,1.0,False,BLR - BOM
UK089,Vistara,BOM,HYD,2026-04-20 15:38:41.702,2026-04-20 19:50:41.702,4.2,False,BOM - HYD
AI072,Air India,BLR,CCU,2026-04-20 15:34:41.702,2026-04-20 16:32:41.702,0.97,False,BLR - CCU
UK131,Vistara,BOM,DEL,2026-04-20 15:33:41.702,2026-04-20 19:39:41.702,4.1,False,BOM - DEL
SJ150,SpiceJet,BOM,HYD,2026-04-20 15:33:41.702,2026-04-20 19:03:41.702,3.5,False,BOM - HYD
6F097,IndiGo,BLR,BOM,2026-04-20 15:32:41.702,2026-04-20 16:49:41.702,1.28,False,BLR - BOM
6F123,IndiGo,DEL,HYD,2026-04-20 15:26:41.702,2026-04-20 17:12:41.702,1.77,False,DEL - HYD
6F017,IndiGo,CCU,BOM,2026-04-20 15:25:41.701,2026-04-20 18:06:41.701,2.68,False,CCU - BOM
6F245,IndiGo,CCU,BOM,2026-04-20 15:25:41.701,2026-04-20 18:06:41.701,2.68,False,CCU - BOM
6F180,IndiGo,MAA,BLR,2026-04-20 15:24:41.703,2026-04-20 19:48:41.703,4.4,False,MAA - BLR
6F152,IndiGo,CCU,DEL,2026-04-20 15:21:41.703,2026-04-20 17:25:41.703,2.07,False,CCU - DEL
SJ034,SpiceJet,MAA,BOM,2026-04-20 15:20:41.701,2026-04-20 20:11:41.701,4.85,False,MAA - BOM
SJ142,SpiceJet,CCU,BOM,2026-04-20 15:14:41.702,2026-04-20 16:56:41.702,1.7,False,CCU - BOM
UK189,Vistara,BLR,MAA,2026-04-20 15:07:41.703,2026-04-20 18:51:41.703,3.73,False,BLR - MAA
SJ044,SpiceJet,DEL,CCU,2026-04-20 15:06:41.701,2026-04-20 17:43:41.701,2.62,False,DEL - CCU
SJ196,SpiceJet,DEL,HYD,2026-04-20 14:58:41.703,2026-04-20 17:44:41.703,2.77,False,DEL - HYD
6F188,IndiGo,DEL,HYD,2026-04-20 14:57:41.703,2026-04-20 19:39:41.703,4.7,False,DEL - HYD
6F181,IndiGo,BOM,MAA,2026-04-20 14:55:41.703,2026-04-20 16:43:41.703,1.8,False,BOM - MAA
6F077,IndiGo,CCU,DEL,2026-04-20 14:55:41.702,2026-04-20 19:13:41.702,4.3,False,CCU - DEL
SJ154,SpiceJet,BLR,HYD,2026-04-20 14:47:41.702,2026-04-20 16:26:41.702,1.65,False,BLR - HYD
AI025,Air India,HYD,DEL,2026-04-20 14:46:41.701,2026-04-20 17:11:41.701,2.42,False,HYD - DEL
AI094,Air India,DEL,BLR,2026-04-20 14:44:41.702,2026-04-20 15:44:42.000,1.0,False,DEL - BLR
6F191,IndiGo,BLR,DEL,2026-04-20 14:41:41.703,2026-04-20 15:11:41.703,0.5,False,BLR - DEL
SJ085,SpiceJet,BLR,MAA,2026-04-20 14:41:41.702,2026-04-20 19:11:41.702,4.5,False,BLR - MAA
6F261,IndiGo,CCU,DEL,2026-04-20 14:31:41.703,2026-04-20 17:29:41.703,2.97,False,CCU - DEL
6F129,IndiGo,DEL,CCU,2026-04-20 14:28:41.702,2026-04-20 16:47:41.702,2.32,False,DEL - CCU
6F254,IndiGo,MAA,BLR,2026-04-20 14:26:41.703,2026-04-20 18:01:41.703,3.58,False,MAA - BLR
SJ185,SpiceJet,BOM,CCU,2026-04-20 14:21:41.703,2026-04-20 15:21:41.703,1.0,False,BOM - CCU
6F030,IndiGo,BOM,DEL,2026-04-20 14:20:41.701,2026-04-20 17:10:41.701,2.83,False,BOM - DEL
SJ222,SpiceJet,BOM,DEL,2026-04-20 14:15:41.703,2026-04-20 17:09:41.703,2.9,False,BOM - DEL
6F259,IndiGo,BOM,DEL,2026-04-20 14:10:41.703,2026-04-20 15:21:41.703,1.18,False,BOM - DEL
UK083,Vistara,DEL,HYD,2026-04-20 14:10:41.702,2026-04-20 14:59:41.702,0.82,False,DEL - HYD
6F051,IndiGo,BLR,BOM,2026-04-20 13:58:41.701,2026-04-20 15:58:41.701,2.0,False,BLR - BOM
SJ088,SpiceJet,CCU,MAA,2026-04-20 13:54:41.702,2026-04-20 14:26:41.702,0.53,False,CCU - MAA
6F146,IndiGo,HYD,MAA,2026-04-20 13:51:41.703,2026-04-20 15:07:41.703,1.27,False,HYD - MAA
6F047,IndiGo,MAA,DEL,2026-04-20 13:50:41.701,2026-04-20 15:55:41.701,2.08,False,MAA - DEL
AI077,Air India,CCU,HYD,2026-04-20 13:45:41.702,2026-04-20 14:51:41.702,1.1,False,CCU - HYD
UK134,Vistara,HYD,CCU,2026-04-20 13:44:41.702,2026-04-20 17:26:41.702,3.7,False,HYD - CCU
AI056,Air India,DEL,MAA,2026-04-20 13:44:41.701,2026-04-20 17:39:41.701,3.92,False,DEL - MAA
UK141,Vistara,HYD,MAA,2026-04-20 13:38:41.703,2026-04-20 15:59:41.703,2.35,False,HYD - MAA
AI030,Air India,CCU,HYD,2026-04-20 13:33:41.701,2026-04-20 16:52:41.701,3.32,False,CCU - HYD
AI029,Air India,MAA,DEL,2026-04-20 13:29:41.701,2026-04-20 17:53:41.701,4.4,False,MAA - DEL
SJ167,SpiceJet,MAA,CCU,2026-04-20 13:18:41.703,2026-04-20 14:12:41.703,0.9,False,MAA - CCU
UK017,Vistara,BLR,HYD,2026-04-20 13:14:41.701,2026-04-20 14:49:41.701,1.58,False,BLR - HYD
6F229,IndiGo,MAA,DEL,2026-04-20 13:10:41.704,2026-04-20 14:30:41.704,1.33,False,MAA - DEL
SJ117,SpiceJet,MAA,BLR,2026-04-20 13:10:41.702,2026-04-20 17:06:41.702,3.93,False,MAA - BLR
6F184,IndiGo,MAA,BOM,2026-04-20 13:05:41.703,2026-04-20 16:04:41.703,2.98,False,MAA - BOM
AI031,Air India,DEL,MAA,2026-04-20 13:05:41.701,2026-04-20 16:11:41.701,3.1,False,DEL - MAA
AI178,Air India,CCU,BLR,2026-04-20 13:04:41.703,2026-04-20 14:03:41.703,0.98,False,CCU - BLR
SJ089,SpiceJet,HYD,CCU,2026-04-20 12:42:41.702,2026-04-20 17:15:41.702,4.55,False,HYD - CCU
UK166,Vistara,HYD,MAA,2026-04-20 12:39:41.703,2026-04-20 17:32:41.703,4.88,False,HYD - MAA
UK104,Vistara,DEL,BOM,2026-04-20 12:30:41.702,2026-04-20 13:52:41.702,1.37,False,DEL - BOM
6F168,IndiGo,HYD,DEL,2026-04-20 12:18:41.703,2026-04-20 15:58:41.703,3.67,False,HYD - DEL
AI222,Air India,BOM,DEL,2026-04-20 12:10:41.703,2026-04-20 13:14:41.703,1.07,False,BOM - DEL
SJ025,SpiceJet,BOM,CCU,2026-04-20 12:02:41.701,2026-04-20 15:29:41.701,3.45,False,BOM - CCU
6F255,IndiGo,DEL,BOM,2026-04-20 11:59:41.703,2026-04-20 15:33:41.703,3.57,False,DEL - BOM
UK228,Vistara,DEL,MAA,2026-04-20 11:58:41.704,2026-04-20 15:08:41.704,3.17,False,DEL - MAA
6F158,IndiGo,CCU,MAA,2026-04-20 11:58:41.703,2026-04-20 16:04:41.703,4.1,False,CCU - MAA
SJ218,SpiceJet,DEL,HYD,2026-04-20 11:58:41.703,2026-04-20 15:03:41.703,3.08,False,DEL - HYD
6F034,IndiGo,BOM,DEL,2026-04-20 11:53:41.701,2026-04-20 12:49:41.701,0.93,False,BOM - DEL
UK156,Vistara,MAA,BLR,2026-04-20 11:50:41.703,2026-04-20 15:54:41.703,4.07,False,MAA - BLR
6F105,IndiGo,BLR,BOM,2026-04-20 11:46:41.702,2026-04-20 12:58:41.702,1.2,False,BLR - BOM
6F073,IndiGo,DEL,CCU,2026-04-20 11:38:41.702,2026-04-20 15:18:41.702,3.67,False,DEL - CCU
SJ074,SpiceJet,DEL,CCU,2026-04-20 11:21:41.701,2026-04-20 12:02:41.701,0.68,False,DEL - CCU
6F234,IndiGo,BOM,DEL,2026-04-20 11:20:41.704,2026-04-20 14:11:41.704,2.85,False,BOM - DEL
6F068,IndiGo,BLR,HYD,2026-04-20 11:17:41.701,2026-04-20 15:06:41.701,3.82,False,BLR - HYD
6F074,IndiGo,HYD,BOM,2026-04-20 11:09:41.702,2026-04-20 14:29:41.702,3.33,False,HYD - BOM
AI038,Air India,HYD,MAA,2026-04-20 11:05:41.701,2026-04-20 15:44:41.701,4.65,False,HYD - MAA
AI079,Air India,CCU,BLR,2026-04-20 11:04:41.702,2026-04-20 13:19:41.702,2.25,False,CCU - BLR
SJ018,SpiceJet,BOM,CCU,2026-04-20 10:58:41.701,2026-04-20 13:31:41.701,2.55,False,BOM - CCU
6F018,IndiGo,DEL,BLR,2026-04-20 10:57:41.701,2026-04-20 11:43:41.701,0.77,False,DEL - BLR
AI091,Air India,CCU,MAA,2026-04-20 10:52:41.702,2026-04-20 15:15:41.702,4.38,False,CCU - MAA
UK071,Vistara,DEL,HYD,2026-04-20 10:50:41.701,2026-04-20 14:06:41.701,3.27,False,DEL - HYD
AI019,Air India,BOM,CCU,2026-04-20 10:49:41.701,2026-04-20 11:51:41.701,1.03,False,BOM - CCU
UK212,Vistara,HYD,MAA,2026-04-20 10:46:41.704,2026-04-20 11:31:41.704,0.75,False,HYD - MAA
AI146,Air India,BLR,DEL,2026-04-20 10:40:41.702,2026-04-20 13:46:41.702,3.1,False,BLR - DEL
6F232,IndiGo,MAA,BLR,2026-04-20 10:39:41.704,2026-04-20 12:22:41.704,1.72,False,MAA - BLR
6F084,IndiGo,CCU,HYD,2026-04-20 10:34:41.702,2026-04-20 11:34:42.000,1.0,False,CCU - HYD
AI129,Air India,BOM,CCU,2026-04-20 10:29:41.702,2026-04-20 13:38:41.702,3.15,False,BOM - CCU
AI240,Air India,MAA,DEL,2026-04-20 10:19:41.704,2026-04-20 12:46:41.704,2.45,False,MAA - DEL
6F091,IndiGo,BLR,CCU,2026-04-20 10:10:41.702,2026-04-20 11:36:41.702,1.43,False,BLR - CCU
UK133,Vistara,BOM,DEL,2026-04-20 10:04:41.702,2026-04-20 13:16:41.702,3.2,False,BOM - DEL
SJ007,SpiceJet,BOM,CCU,2026-04-20 10:03:41.701,2026-04-20 14:53:41.701,4.83,False,BOM - CCU
SJ141,SpiceJet,CCU,DEL,2026-04-20 10:00:41.702,2026-04-20 13:37:41.702,3.62,False,CCU - DEL
6F049,IndiGo,HYD,DEL,2026-04-20 10:00:41.701,2026-04-20 13:13:41.701,3.22,False,HYD - DEL
SJ235,SpiceJet,BOM,DEL,2026-04-20 09:57:41.704,2026-04-20 13:45:41.704,3.8,False,BOM - DEL
UK087,Vistara,HYD,MAA,2026-04-20 09:49:41.702,2026-04-20 13:17:41.702,3.47,False,HYD - MAA
UK170,Vistara,BOM,BLR,2026-04-20 09:42:41.703,2026-04-20 11:32:41.703,1.83,False,BOM - BLR
SJ078,SpiceJet,DEL,HYD,2026-04-20 09:41:41.701,2026-04-20 12:49:41.701,3.13,False,DEL - HYD
SJ075,SpiceJet,MAA,BLR,2026-04-20 09:26:41.701,2026-04-20 11:03:41.701,1.62,False,MAA - BLR
AI159,Air India,HYD,BLR,2026-04-20 09:23:41.703,2026-04-20 11:36:41.703,2.22,False,HYD - BLR
UK120,Vistara,HYD,DEL,2026-04-20 09:19:41.702,2026-04-20 13:30:41.702,4.18,False,HYD - DEL
AI059,Air India,CCU,DEL,2026-04-20 09:16:41.701,2026-04-20 11:43:41.701,2.45,False,CCU - DEL
UK040,Vistara,HYD,CCU,2026-04-20 09:15:41.701,2026-04-20 10:32:41.701,1.28,False,HYD - CCU
AI044,Air India,MAA,BLR,2026-04-20 09:03:41.701,2026-04-20 12:36:41.701,3.55,False,MAA - BLR
AI078,Air India,DEL,BOM,2026-04-20 08:58:41.702,2026-04-20 13:28:41.702,4.5,False,DEL - BOM
SJ226,SpiceJet,HYD,BOM,2026-04-20 08:47:41.704,2026-04-20 12:54:41.704,4.12,False,HYD - BOM
6F209,IndiGo,MAA,CCU,2026-04-20 08:40:41.703,2026-04-20 13:40:41.703,5.0,False,MAA - CCU
UK193,Vistara,HYD,DEL,2026-04-20 08:39:41.703,2026-04-20 09:14:41.703,0.58,False,HYD - DEL
6F092,IndiGo,MAA,BLR,2026-04-20 08:39:41.702,2026-04-20 09:15:41.702,0.6,False,MAA - BLR
AI208,Air India,BLR,BOM,2026-04-20 08:38:41.703,2026-04-20 11:52:41.703,3.23,False,BLR - BOM
SJ227,SpiceJet,BOM,CCU,2026-04-20 08:32:41.704,2026-04-20 12:53:41.704,4.35,False,BOM - CCU
6F238,IndiGo,BOM,DEL,2026-04-20 08:31:41.704,2026-04-20 09:19:41.704,0.8,False,BOM - DEL
AI084,Air India,BOM,HYD,2026-04-20 08:31:41.702,2026-04-20 09:46:41.702,1.25,False,BOM - HYD
SJ228,SpiceJet,BOM,CCU,2026-04-20 08:29:41.704,2026-04-20 12:16:41.704,3.78,False,BOM - CCU
UK194,Vistara,CCU,BOM,2026-04-20 08:26:41.703,2026-04-20 09:26:42.000,1.0,False,CCU - BOM
6F126,IndiGo,CCU,MAA,2026-04-20 08:21:41.702,2026-04-20 09:39:41.702,1.3,False,CCU - MAA
SJ052,SpiceJet,MAA,BLR,2026-04-20 08:20:41.701,2026-04-20 09:57:41.701,1.62,False,MAA - BLR
AI233,Air India,BLR,BOM,2026-04-20 08:04:41.704,2026-04-20 09:52:41.704,1.8,False,BLR - BOM
AI213,Air India,HYD,CCU,2026-04-20 08:03:41.703,2026-04-20 09:14:41.703,1.18,False,HYD - CCU
UK076,Vistara,MAA,CCU,2026-04-20 08:03:41.702,2026-04-20 12:26:41.702,4.38,False,MAA - CCU
SJ022,SpiceJet,DEL,BLR,2026-04-20 07:56:41.701,2026-04-20 11:07:41.701,3.18,False,DEL - BLR
SJ002,SpiceJet,DEL,BOM,2026-04-20 07:54:41.701,2026-04-20 12:40:41.701,4.77,False,DEL - BOM
AI163,Air India,HYD,MAA,2026-04-20 07:45:41.703,2026-04-20 08:46:41.703,1.02,False,HYD - MAA
UK229,Vistara,HYD,DEL,2026-04-20 07:40:41.704,2026-04-20 11:57:41.704,4.28,False,HYD - DEL
UK185,Vistara,DEL,MAA,2026-04-20 07:31:41.703,2026-04-20 08:48:41.703,1.28,False,DEL - MAA
6F029,IndiGo,BOM,BLR,2026-04-20 07:31:41.701,2026-04-20 11:45:41.701,4.23,False,BOM - BLR
6F056,IndiGo,BOM,MAA,2026-04-20 07:00:41.701,2026-04-20 08:49:41.701,1.82,False,BOM - MAA
AI062,Air India,MAA,DEL,2026-04-20 06:49:41.701,2026-04-20 07:25:41.701,0.6,False,MAA - DEL
UK034,Vistara,DEL,BLR,2026-04-20 06:47:41.701,2026-04-20 10:11:41.701,3.4,False,DEL - BLR
UK079,Vistara,DEL,BLR,2026-04-20 06:43:41.702,2026-04-20 10:34:41.702,3.85,False,DEL - BLR
AI135,Air India,BLR,BOM,2026-04-20 06:40:41.702,2026-04-20 09:21:41.702,2.68,False,BLR - BOM
SJ061,SpiceJet,MAA,BLR,2026-04-20 06:38:41.701,2026-04-20 09:35:41.701,2.95,False,MAA - BLR
AI047,Air India,CCU,MAA,2026-04-20 06:36:41.701,2026-04-20 07:23:41.701,0.78,False,CCU - MAA
UK210,Vistara,DEL,CCU,2026-04-20 06:35:41.704,2026-04-20 07:30:41.704,0.92,False,DEL - CCU
AI088,Air India,MAA,DEL,2026-04-20 06:34:41.702,2026-04-20 10:10:41.702,3.6,False,MAA - DEL
UK177,Vistara,DEL,HYD,2026-04-20 06:21:41.703,2026-04-20 10:50:41.703,4.48,False,DEL - HYD
AI128,Air India,BOM,CCU,2026-04-20 06:07:41.702,2026-04-20 10:03:41.702,3.93,False,BOM - CCU
AI158,Air India,CCU,DEL,2026-04-20 06:04:41.703,2026-04-20 09:01:41.703,2.95,False,CCU - DEL
UK206,Vistara,MAA,BLR,2026-04-20 06:01:41.703,2026-04-20 10:34:41.703,4.55,False,MAA - BLR
SJ138,SpiceJet,BLR,BOM,2026-04-20 05:55:41.702,2026-04-20 06:43:41.702,0.8,False,BLR - BOM
AI034,Air India,DEL,BOM,2026-04-20 05:48:41.701,2026-04-20 10:31:41.701,4.72,False,DEL - BOM
AI012,Air India,BOM,CCU,2026-04-20 05:44:41.701,2026-04-20 09:47:41.701,4.05,False,BOM - CCU
6F083,IndiGo,BLR,DEL,2026-04-20 05:24:41.702,2026-04-20 06:03:41.702,0.65,False,BLR - DEL
SJ083,SpiceJet,MAA,BLR,2026-04-20 05:13:41.702,2026-04-20 08:17:41.702,3.07,False,MAA - BLR
SJ186,SpiceJet,CCU,DEL,2026-04-20 05:11:41.703,2026-04-20 07:22:41.703,2.18,False,CCU - DEL
UK001,Vistara,CCU,DEL,2026-04-20 05:06:41.700,2026-04-20 06:31:41.700,1.42,False,CCU - DEL
AI217,Air India,CCU,BLR,2026-04-20 04:57:41.703,2026-04-20 07:14:41.703,2.28,False,CCU - BLR
6F178,IndiGo,BOM,CCU,2026-04-20 04:48:41.703,2026-04-20 09:11:41.703,4.38,False,BOM - CCU
UK015,Vistara,BLR,BOM,2026-04-20 04:46:41.701,2026-04-20 06:33:41.701,1.78,False,BLR - BOM
AI112,Air India,DEL,BLR,2026-04-20 04:41:41.702,2026-04-20 08:24:41.702,3.72,False,DEL - BLR
UK100,Vistara,CCU,BLR,2026-04-20 04:40:41.702,2026-04-20 07:12:41.702,2.53,False,CCU - BLR
6F133,IndiGo,MAA,BLR,2026-04-20 04:38:41.702,2026-04-20 06:25:41.702,1.78,False,MAA - BLR
AI227,Air India,BLR,MAA,2026-04-20 04:31:41.703,2026-04-20 08:17:41.703,3.77,False,BLR - MAA
UK093,Vistara,HYD,CCU,2026-04-20 04:31:41.702,2026-04-20 05:21:41.702,0.83,False,HYD - CCU
UK203,Vistara,BLR,HYD,2026-04-20 04:12:41.703,2026-04-20 05:24:41.703,1.2,False,BLR - HYD
UK154,Vistara,MAA,HYD,2026-04-20 04:00:41.703,2026-04-20 07:57:41.703,3.95,False,MAA - HYD
UK073,Vistara,BLR,CCU,2026-04-20 03:59:41.702,2026-04-20 08:09:41.702,4.17,False,BLR - CCU
AI164,Air India,DEL,BLR,2026-04-20 03:57:41.703,2026-04-20 05:45:41.703,1.8,False,DEL - BLR
UK008,Vistara,CCU,BLR,2026-04-20 03:57:41.701,2026-04-20 04:34:41.701,0.62,False,CCU - BLR
UK051,Vistara,HYD,DEL,2026-04-20 03:55:41.701,2026-04-20 06:55:41.701,3.0,False,HYD - DEL
UK208,Vistara,DEL,CCU,2026-04-20 03:54:41.704,2026-04-20 08:51:41.704,4.95,False,DEL - CCU
AI150,Air India,BOM,DEL,2026-04-20 03:51:41.703,2026-04-20 04:38:41.703,0.78,False,BOM - DEL
AI189,Air India,CCU,DEL,2026-04-20 03:44:41.703,2026-04-20 05:32:41.703,1.8,False,CCU - DEL
6F230,IndiGo,CCU,BLR,2026-04-20 03:34:41.704,2026-04-20 06:47:41.704,3.22,False,CCU - BLR
6F169,IndiGo,BOM,DEL,2026-04-20 03:27:41.703,2026-04-20 08:06:41.703,4.65,False,BOM - DEL
AI205,Air India,BLR,BOM,2026-04-20 03:26:41.703,2026-04-20 05:14:41.703,1.8,False,BLR - BOM
AI103,Air India,BLR,BOM,2026-04-20 03:26:41.702,2026-04-20 04:04:41.702,0.63,False,BLR - BOM
6F250,IndiGo,DEL,BLR,2026-04-20 03:26:41.701,2026-04-20 07:30:41.701,4.07,False,DEL - BLR
AI246,Air India,BOM,BLR,2026-04-20 03:22:41.704,2026-04-20 06:41:41.704,3.32,False,BOM - BLR
6F187,IndiGo,BOM,MAA,2026-04-20 03:19:41.703,2026-04-20 07:37:41.703,4.3,False,BOM - MAA
AI082,Air India,DEL,CCU,2026-04-20 03:19:41.702,2026-04-20 06:01:41.702,2.7,False,DEL - CCU
UK116,Vistara,CCU,BOM,2026-04-20 03:18:41.702,2026-04-20 07:06:41.702,3.8,False,CCU - BOM
SJ169,SpiceJet,BOM,MAA,2026-04-20 03:10:41.703,2026-04-20 07:56:41.703,4.77,False,BOM - MAA
AI175,Air India,BOM,HYD,2026-04-20 03:08:41.703,2026-04-20 06:55:41.703,3.78,False,BOM - HYD
SJ098,SpiceJet,HYD,MAA,2026-04-20 03:02:41.702,2026-04-20 03:37:41.702,0.58,False,HYD - MAA
SJ191,SpiceJet,BLR,BOM,2026-04-20 03:01:41.703,2026-04-20 04:23:41.703,1.37,False,BLR - BOM
SJ017,SpiceJet,DEL,MAA,2026-04-20 02:57:41.701,2026-04-20 05:00:41.701,2.05,False,DEL - MAA
UK188,Vistara,MAA,BLR,2026-04-20 02:55:41.703,2026-04-20 03:44:41.703,0.82,False,MAA - BLR
AI196,Air India,MAA,HYD,2026-04-20 02:52:41.703,2026-04-20 04:25:41.703,1.55,False,MAA - HYD
AI068,Air India,BOM,BLR,2026-04-20 02:48:41.702,2026-04-20 04:48:42.000,2.0,False,BOM - BLR
SJ097,SpiceJet,BOM,CCU,2026-04-20 02:37:41.702,2026-04-20 05:27:41.702,2.83,False,BOM - CCU
SJ030,SpiceJet,DEL,HYD,2026-04-20 02:36:41.701,2026-04-20 03:19:41.701,0.72,False,DEL - HYD
6F179,IndiGo,HYD,MAA,2026-04-20 02:25:41.703,2026-04-20 06:40:41.703,4.25,False,HYD - MAA
6F156,IndiGo,MAA,BOM,2026-04-20 02:23:41.703,2026-04-20 04:57:41.703,2.57,False,MAA - BOM
6F250,IndiGo,CCU,BLR,2026-04-20 02:23:41.702,2026-04-20 02:56:41.702,0.55,False,CCU - BLR
SJ057,SpiceJet,BOM,CCU,2026-04-20 02:17:41.701,2026-04-20 05:29:41.701,3.2,False,BOM - CCU
6F036,IndiGo,CCU,BLR,2026-04-20 02:14:41.701,2026-04-20 06:57:41.701,4.72,False,CCU - BLR
6F201,IndiGo,CCU,BOM,2026-04-20 02:09:41.703,2026-04-20 06:49:41.703,4.67,False,CCU - BOM
6F143,IndiGo,CCU,DEL,2026-04-20 02:09:41.702,2026-04-20 06:08:41.702,3.98,False,CCU - DEL
6F177,IndiGo,HYD,MAA,2026-04-20 02:03:41.703,2026-04-20 04:25:41.703,2.37,False,HYD - MAA
6F031,IndiGo,BOM,BLR,2026-04-20 02:00:41.701,2026-04-20 06:37:41.701,4.62,False,BOM - BLR
UK165,Vistara,DEL,BLR,2026-04-20 01:51:41.703,2026-04-20 06:04:41.703,4.22,False,DEL - BLR
6F122,IndiGo,DEL,BLR,2026-04-20 01:44:41.702,2026-04-20 05:28:41.702,3.73,False,DEL - BLR
AI009,Air India,DEL,CCU,2026-04-20 01:31:41.701,2026-04-20 04:05:41.701,2.57,False,DEL - CCU
6F046,IndiGo,DEL,BLR,2026-04-20 01:27:41.701,2026-04-20 05:08:41.701,3.68,False,DEL - BLR
AI051,Air India,MAA,BLR,2026-04-20 01:27:41.701,2026-04-20 02:22:41.701,0.92,False,MAA - BLR
UK222,Vistara,BOM,CCU,2026-04-20 01:22:41.704,2026-04-20 02:57:41.704,1.58,False,BOM - CCU
SJ127,SpiceJet,BOM,DEL,2026-04-20 01:21:41.702,2026-04-20 03:58:41.702,2.62,False,BOM - DEL
AI226,Air India,BLR,HYD,2026-04-20 01:19:41.703,2026-04-20 04:08:41.703,2.82,False,BLR - HYD
AI216,Air India,BOM,CCU,2026-04-20 01:10:41.703,2026-04-20 02:34:41.703,1.4,False,BOM - CCU
6F058,IndiGo,BOM,CCU,2026-04-20 01:04:41.701,2026-04-20 03:33:41.701,2.48,False,BOM - CCU
SJ207,SpiceJet,DEL,CCU,2026-04-20 00:52:41.703,2026-04-20 04:05:41.703,3.22,False,DEL - CCU
SJ198,SpiceJet,CCU,BOM,2026-04-20 00:47:41.703,2026-04-20 05:28:41.703,4.68,False,CCU - BOM
SJ108,SpiceJet,BLR,HYD,2026-04-20 00:40:41.702,2026-04-20 03:16:41.702,2.6,False,BLR - HYD
SJ155,SpiceJet,DEL,CCU,2026-04-20 00:38:41.702,2026-04-20 05:38:41.702,5.0,False,DEL - CCU
6F193,IndiGo,BOM,MAA,2026-04-20 00:34:41.703,2026-04-20 02:32:41.703,1.97,False,BOM - MAA
6F019,IndiGo,BLR,BOM,2026-04-20 00:19:41.701,2026-04-20 04:14:41.701,3.92,False,BLR - BOM
AI102,Air India,CCU,BLR,2026-04-20 00:17:41.702,2026-04-20 05:08:41.702,4.85,False,CCU - BLR
6F166,IndiGo,BOM,CCU,2026-04-20 00:03:41.703,2026-04-20 04:33:41.703,4.5,False,BOM - CCU
UK175,Vistara,BLR,BOM,2026-04-19 23:56:41.703,2026-04-20 03:18:41.703,3.37,True,BLR - BOM
6F010,IndiGo,DEL,BLR,2026-04-19 23:53:41.701,2026-04-20 03:44:41.701,3.85,True,DEL - BLR
AI234,Air India,BOM,MAA,2026-04-19 23:50:41.704,2026-04-20 01:34:41.704,1.73,True,BOM - MAA
UK135,Vistara,HYD,DEL,2026-04-19 23:50:41.702,2026-04-20 01:43:41.702,1.88,True,HYD - DEL
6F272,IndiGo,HYD,MAA,2026-04-19 23:35:41.702,2026-04-20 00:22:41.702,0.78,True,HYD - MAA
AI061,Air India,BOM,CCU,2026-04-19 23:31:41.701,2026-04-20 01:02:41.701,1.52,True,BOM - CCU
6F070,IndiGo,HYD,DEL,2026-04-19 23:23:41.701,2026-04-20 02:24:41.701,3.02,True,HYD - DEL
AI015,Air India,BLR,CCU,2026-04-19 23:21:41.701,2026-04-20 01:15:41.701,1.9,True,BLR - CCU
SJ076,SpiceJet,DEL,MAA,2026-04-19 23:01:41.701,2026-04-20 02:02:41.701,3.02,True,DEL - MAA
SJ029,SpiceJet,HYD,DEL,2026-04-19 22:55:41.701,2026-04-20 00:22:41.701,1.45,True,HYD - DEL
SJ194,SpiceJet,CCU,DEL,2026-04-19 22:46:41.703,2026-04-20 02:31:41.703,3.75,True,CCU - DEL
AI235,Air India,BLR,HYD,2026-04-19 22:45:41.704,2026-04-20 02:12:41.704,3.45,True,BLR - HYD
SJ048,SpiceJet,MAA,BLR,2026-04-19 22:43:41.701,2026-04-20 00:19:41.701,1.6,True,MAA - BLR
SJ114,SpiceJet,HYD,DEL,2026-04-19 22:42:41.702,2026-04-20 02:02:41.702,3.33,True,HYD - DEL
SJ146,SpiceJet,HYD,BLR,2026-04-19 22:37:41.702,2026-04-20 00:33:41.702,1.93,True,HYD - BLR
UK041,Vistara,HYD,MAA,2026-04-19 22:37:41.701,2026-04-19 23:44:41.701,1.12,False,HYD - MAA
6F075,IndiGo,BOM,CCU,2026-04-19 22:20:41.702,2026-04-20 03:02:41.702,4.7,True,BOM - CCU
SJ020,SpiceJet,BLR,BOM,2026-04-19 22:18:41.701,2026-04-20 02:27:41.701,4.15,True,BLR - BOM
SJ099,SpiceJet,MAA,BLR,2026-04-19 22:14:41.702,2026-04-20 00:34:41.702,2.33,True,MAA - BLR
6F078,IndiGo,BOM,CCU,2026-04-19 22:04:41.702,2026-04-19 23:37:41.702,1.55,False,BOM - CCU
UK219,Vistara,BOM,HYD,2026-04-19 22:03:41.704,2026-04-20 02:21:41.704,4.3,True,BOM - HYD
UK223,Vistara,CCU,DEL,2026-04-19 21:58:41.704,2026-04-19 22:30:41.704,0.53,False,CCU - DEL
UK227,Vistara,BOM,HYD,2026-04-19 21:57:41.704,2026-04-20 01:47:41.704,3.83,True,BOM - HYD
6F260,IndiGo,CCU,DEL,2026-04-19 21:51:41.702,2026-04-20 01:14:41.702,3.38,True,CCU - DEL
AI096,Air India,CCU,DEL,2026-04-19 21:48:41.702,2026-04-20 02:46:41.702,4.97,True,CCU - DEL
6F022,IndiGo,MAA,BLR,2026-04-19 21:46:41.701,2026-04-20 02:05:41.701,4.32,True,MAA - BLR
6F237,IndiGo,HYD,MAA,2026-04-19 21:41:41.704,2026-04-20 00:44:41.704,3.05,True,HYD - MAA
UK146,Vistara,BOM,MAA,2026-04-19 21:40:41.703,2026-04-20 00:08:41.703,2.47,True,BOM - MAA
SJ015,SpiceJet,BOM,CCU,2026-04-19 21:40:41.701,2026-04-19 22:52:41.701,1.2,False,BOM - CCU
AI108,Air India,BLR,CCU,2026-04-19 21:32:41.702,2026-04-20 00:17:41.702,2.75,True,BLR - CCU
UK020,Vistara,MAA,BLR,2026-04-19 21:23:41.701,2026-04-19 22:38:41.701,1.25,False,MAA - BLR
6F113,IndiGo,BOM,CCU,2026-04-19 21:04:41.702,2026-04-20 01:30:41.702,4.43,True,BOM - CCU
6F112,IndiGo,HYD,DEL,2026-04-19 21:00:41.702,2026-04-19 23:16:41.702,2.27,False,HYD - DEL
6F246,IndiGo,HYD,DEL,2026-04-19 21:00:41.702,2026-04-19 23:16:41.702,2.27,False,HYD - DEL
UK158,Vistara,BOM,MAA,2026-04-19 20:49:41.703,2026-04-19 21:22:41.703,0.55,False,BOM - MAA
UK159,Vistara,CCU,BLR,2026-04-19 20:45:41.703,2026-04-19 23:32:41.703,2.78,False,CCU - BLR
UK084,Vistara,MAA,DEL,2026-04-19 20:44:41.702,2026-04-20 00:20:41.702,3.6,True,MAA - DEL
SJ206,SpiceJet,DEL,CCU,2026-04-19 20:43:41.703,2026-04-20 01:21:41.703,4.63,True,DEL - CCU
UK044,Vistara,BLR,BOM,2026-04-19 20:31:41.701,2026-04-19 23:29:41.701,2.97,False,BLR - BOM
SJ036,SpiceJet,DEL,HYD,2026-04-19 20:24:41.701,2026-04-19 23:54:41.701,3.5,False,DEL - HYD
6F176,IndiGo,CCU,DEL,2026-04-19 20:23:42.000,2026-04-19 23:23:42.000,3.0,False,CCU - DEL
6F148,IndiGo,CCU,BOM,2026-04-19 20:23:41.703,2026-04-19 22:30:41.703,2.12,False,CCU - BOM
6F202,IndiGo,HYD,BLR,2026-04-19 20:18:41.703,2026-04-19 23:48:41.703,3.5,False,HYD - BLR
6F071,IndiGo,DEL,CCU,2026-04-19 20:18:41.702,2026-04-20 00:31:41.702,4.22,True,DEL - CCU
AI105,Air India,CCU,DEL,2026-04-19 20:16:41.702,2026-04-19 22:03:41.702,1.78,False,CCU - DEL
AI241,Air India,HYD,BLR,2026-04-19 20:11:41.704,2026-04-19 22:18:41.704,2.12,False,HYD - BLR
SJ162,SpiceJet,DEL,HYD,2026-04-19 20:11:41.703,2026-04-19 22:30:41.703,2.32,False,DEL - HYD
6F003,IndiGo,HYD,BOM,2026-04-19 20:06:41.700,2026-04-19 23:13:41.700,3.12,False,HYD - BOM
6F249,IndiGo,HYD,BOM,2026-04-19 20:06:41.700,2026-04-19 23:13:41.700,3.12,False,HYD - BOM
AI237,Air India,BOM,CCU,2026-04-19 19:58:41.704,2026-04-19 23:13:41.704,3.25,False,BOM - CCU
SJ134,SpiceJet,BOM,CCU,2026-04-19 19:58:41.702,2026-04-20 00:15:41.702,4.28,True,BOM - CCU
AI071,Air India,BOM,MAA,2026-04-19 19:55:41.702,2026-04-19 22:58:41.702,3.05,False,BOM - MAA
6F118,IndiGo,CCU,HYD,2026-04-19 19:52:41.702,2026-04-19 21:01:41.702,1.15,False,CCU - HYD
6F014,IndiGo,DEL,MAA,2026-04-19 19:42:41.701,2026-04-19 23:15:41.701,3.55,False,DEL - MAA
6F065,IndiGo,MAA,BLR,2026-04-19 19:40:41.701,2026-04-19 22:23:41.701,2.72,False,MAA - BLR
6F271,IndiGo,HYD,MAA,2026-04-19 19:33:41.702,2026-04-19 22:52:41.702,3.32,False,HYD - MAA
SJ070,SpiceJet,MAA,CCU,2026-04-19 18:55:41.701,2026-04-19 20:48:41.701,1.88,False,MAA - CCU
6F007,IndiGo,HYD,MAA,2026-04-19 18:55:41.701,2026-04-19 19:54:41.701,0.98,False,HYD - MAA
UK007,Vistara,DEL,HYD,2026-04-19 18:50:41.701,2026-04-19 21:04:41.701,2.23,False,DEL - HYD
SJ192,SpiceJet,HYD,BOM,2026-04-19 18:45:42.000,2026-04-18 23:45:42.000,5.0,False,HYD - BOM
AI097,Air India,HYD,MAA,2026-04-19 18:42:41.702,2026-04-19 23:34:41.702,4.87,False,HYD - MAA
6F256,IndiGo,BOM,CCU,2026-04-19 18:40:41.702,2026-04-19 19:13:41.702,0.55,False,BOM - CCU
UK047,Vistara,BLR,HYD,2026-04-19 18:40:41.701,2026-04-19 22:45:41.701,4.08,False,BLR - HYD
AI024,Air India,MAA,BOM,2026-04-19 18:38:41.701,2026-04-19 19:45:41.701,1.12,False,MAA - BOM
UK113,Vistara,CCU,DEL,2026-04-19 18:34:41.702,2026-04-19 22:58:41.702,4.4,False,CCU - DEL
SJ163,SpiceJet,DEL,HYD,2026-04-19 18:32:41.703,2026-04-19 23:08:41.703,4.6,False,DEL - HYD
SJ208,SpiceJet,DEL,HYD,2026-04-19 18:32:41.703,2026-04-19 19:33:41.703,1.02,False,DEL - HYD
SJ221,SpiceJet,MAA,HYD,2026-04-19 18:31:41.703,2026-04-19 23:17:41.703,4.77,False,MAA - HYD
SJ084,SpiceJet,HYD,MAA,2026-04-19 18:31:41.702,2026-04-19 19:30:41.702,0.98,False,HYD - MAA
6F127,IndiGo,HYD,BOM,2026-04-19 18:27:41.702,2026-04-19 22:28:41.702,4.02,False,HYD - BOM
AI122,Air India,BOM,CCU,2026-04-19 18:25:41.702,2026-04-19 22:36:41.702,4.18,False,BOM - CCU
AI139,Air India,HYD,MAA,2026-04-19 18:23:41.702,2026-04-19 19:24:41.702,1.02,False,HYD - MAA
UK149,Vistara,MAA,DEL,2026-04-19 18:22:41.703,2026-04-19 23:08:41.703,4.77,False,MAA - DEL
AI149,Air India,BOM,HYD,2026-04-19 18:19:41.703,2026-04-19 21:36:41.703,3.28,False,BOM - HYD
SJ243,SpiceJet,BLR,DEL,2026-04-19 18:17:41.704,2026-04-19 23:03:41.704,4.77,False,BLR - DEL
AI053,Air India,CCU,DEL,2026-04-19 18:04:41.701,2026-04-19 22:19:41.701,4.25,False,CCU - DEL
UK061,Vistara,BLR,BOM,2026-04-19 17:58:41.701,2026-04-19 19:48:41.701,1.83,False,BLR - BOM
SJ004,SpiceJet,MAA,DEL,2026-04-19 17:52:41.701,2026-04-19 21:01:41.701,3.15,False,MAA - DEL
AI173,Air India,HYD,DEL,2026-04-19 17:36:41.703,2026-04-19 22:27:41.703,4.85,False,HYD - DEL
6F085,IndiGo,HYD,MAA,2026-04-19 17:32:41.702,2026-04-19 19:32:42.000,2.0,False,HYD - MAA
AI252,Air India,HYD,DEL,2026-04-19 17:30:41.704,2026-04-19 21:54:41.704,4.4,False,HYD - DEL
SJ109,SpiceJet,BOM,DEL,2026-04-19 17:24:41.702,2026-04-19 20:28:41.702,3.07,False,BOM - DEL
UK123,Vistara,BOM,DEL,2026-04-19 17:24:41.702,2026-04-19 20:18:41.702,2.9,False,BOM - DEL
6F125,IndiGo,BOM,CCU,2026-04-19 17:09:41.702,2026-04-19 21:13:41.702,4.07,False,BOM - CCU
UK183,Vistara,BLR,CCU,2026-04-19 17:07:41.703,2026-04-19 18:30:41.703,1.38,False,BLR - CCU
AI110,Air India,BOM,CCU,2026-04-19 17:07:41.702,2026-04-19 22:00:41.702,4.88,False,BOM - CCU
UK105,Vistara,CCU,HYD,2026-04-19 17:04:41.702,2026-04-19 18:11:41.702,1.12,False,CCU - HYD
6F128,IndiGo,HYD,DEL,2026-04-19 16:56:41.702,2026-04-19 18:03:41.702,1.12,False,HYD - DEL
6F224,IndiGo,DEL,MAA,2026-04-19 16:53:41.704,2026-04-19 18:52:41.704,1.98,False,DEL - MAA
SJ130,SpiceJet,BOM,DEL,2026-04-19 16:53:41.702,2026-04-19 20:53:41.702,4.0,False,BOM - DEL
AI224,Air India,DEL,HYD,2026-04-19 16:51:41.703,2026-04-19 21:36:41.703,4.75,False,DEL - HYD
SJ182,SpiceJet,CCU,BOM,2026-04-19 16:48:41.703,2026-04-19 17:36:41.703,0.8,False,CCU - BOM
UK164,Vistara,BOM,HYD,2026-04-19 16:46:41.703,2026-04-19 21:10:41.703,4.4,False,BOM - HYD
AI161,Air India,CCU,BOM,2026-04-19 16:40:41.703,2026-04-19 19:40:41.703,3.0,False,CCU - BOM
6F206,IndiGo,DEL,BOM,2026-04-19 16:39:41.703,2026-04-19 20:59:41.703,4.33,False,DEL - BOM
SJ204,SpiceJet,CCU,DEL,2026-04-19 16:34:41.703,2026-04-19 18:15:41.703,1.68,False,CCU - DEL
AI206,Air India,CCU,MAA,2026-04-19 16:30:41.703,2026-04-19 20:01:41.703,3.52,False,CCU - MAA
6F140,IndiGo,CCU,HYD,2026-04-19 16:30:41.702,2026-04-19 18:21:41.702,1.85,False,CCU - HYD
6F253,IndiGo,MAA,BLR,2026-04-19 16:26:41.703,2026-04-19 18:24:41.703,1.97,False,MAA - BLR
SJ203,SpiceJet,DEL,HYD,2026-04-19 16:22:41.703,2026-04-19 18:27:41.703,2.08,False,DEL - HYD
SJ161,SpiceJet,MAA,BLR,2026-04-19 16:22:41.703,2026-04-19 17:04:41.703,0.7,False,MAA - BLR
AI098,Air India,HYD,MAA,2026-04-19 16:01:41.702,2026-04-19 18:11:41.702,2.17,False,HYD - MAA
AI168,Air India,DEL,CCU,2026-04-19 15:50:41.703,2026-04-19 20:20:41.703,4.5,False,DEL - CCU
UK190,Vistara,DEL,BLR,2026-04-19 15:49:41.703,2026-04-19 18:53:41.703,3.07,False,DEL - BLR
AI085,Air India,DEL,HYD,2026-04-19 15:45:41.702,2026-04-19 20:33:41.702,4.8,False,DEL - HYD
AI076,Air India,BLR,BOM,2026-04-19 15:37:41.702,2026-04-19 16:12:41.702,0.58,False,BLR - BOM
UK130,Vistara,MAA,BLR,2026-04-19 15:36:41.702,2026-04-19 19:43:41.702,4.12,False,MAA - BLR
6F038,IndiGo,HYD,MAA,2026-04-19 15:36:41.701,2026-04-19 19:33:41.701,3.95,False,HYD - MAA
UK110,Vistara,HYD,DEL,2026-04-19 15:26:41.702,2026-04-19 20:13:41.702,4.78,False,HYD - DEL
SJ013,SpiceJet,DEL,MAA,2026-04-19 15:25:41.701,2026-04-19 19:54:41.701,4.48,False,DEL - MAA
AI039,Air India,MAA,BLR,2026-04-19 15:24:41.701,2026-04-19 18:56:41.701,3.53,False,MAA - BLR
AI248,Air India,CCU,DEL,2026-04-19 15:17:41.704,2026-04-19 16:35:41.704,1.3,False,CCU - DEL
6F199,IndiGo,DEL,MAA,2026-04-19 15:15:41.703,2026-04-19 17:32:41.703,2.28,False,DEL - MAA
AI225,Air India,BOM,BLR,2026-04-19 15:05:41.703,2026-04-19 16:01:41.703,0.93,False,BOM - BLR
SJ028,SpiceJet,CCU,BOM,2026-04-19 15:04:41.701,2026-04-19 19:32:41.701,4.47,False,CCU - BOM
SJ012,SpiceJet,HYD,BLR,2026-04-19 15:01:41.701,2026-04-19 16:12:41.701,1.18,False,HYD - BLR
SJ131,SpiceJet,MAA,HYD,2026-04-19 15:00:41.702,2026-04-19 16:07:41.702,1.12,False,MAA - HYD
AI010,Air India,BOM,HYD,2026-04-19 15:00:41.701,2026-04-19 19:48:41.701,4.8,False,BOM - HYD
6F020,IndiGo,BOM,HYD,2026-04-19 14:58:41.701,2026-04-19 16:43:41.701,1.75,False,BOM - HYD
SJ038,SpiceJet,BLR,DEL,2026-04-19 14:57:41.701,2026-04-19 17:46:41.701,2.82,False,BLR - DEL
UK204,Vistara,BLR,DEL,2026-04-19 14:46:41.703,2026-04-19 16:24:41.703,1.63,False,BLR - DEL
AI036,Air India,BOM,CCU,2026-04-19 14:45:41.701,2026-04-19 16:16:41.701,1.52,False,BOM - CCU
AI100,Air India,CCU,BOM,2026-04-19 14:42:41.702,2026-04-19 18:22:41.702,3.67,False,CCU - BOM
SJ215,SpiceJet,CCU,DEL,2026-04-19 14:37:41.703,2026-04-19 16:12:41.703,1.58,False,CCU - DEL
UK155,Vistara,MAA,HYD,2026-04-19 14:34:41.703,2026-04-19 18:37:41.703,4.05,False,MAA - HYD
SJ173,SpiceJet,CCU,HYD,2026-04-19 14:27:41.703,2026-04-19 16:09:41.703,1.7,False,CCU - HYD
UK179,Vistara,DEL,HYD,2026-04-19 14:25:41.703,2026-04-19 19:15:41.703,4.83,False,DEL - HYD
UK221,Vistara,CCU,DEL,2026-04-19 14:18:41.704,2026-04-19 18:44:41.704,4.43,False,CCU - DEL
UK023,Vistara,DEL,MAA,2026-04-19 14:15:41.701,2026-04-19 19:03:41.701,4.8,False,DEL - MAA
SJ107,SpiceJet,BOM,MAA,2026-04-19 14:10:41.702,2026-04-19 18:38:41.702,4.47,False,BOM - MAA
AI073,Air India,BOM,BLR,2026-04-19 14:08:41.702,2026-04-19 16:10:41.702,2.03,False,BOM - BLR
SJ187,SpiceJet,MAA,BLR,2026-04-19 14:07:41.703,2026-04-19 17:30:41.703,3.38,False,MAA - BLR
UK058,Vistara,MAA,BOM,2026-04-19 13:46:41.701,2026-04-19 17:04:41.701,3.3,False,MAA - BOM
SJ063,SpiceJet,MAA,BOM,2026-04-19 13:38:41.701,2026-04-19 15:23:41.701,1.75,False,MAA - BOM
SJ062,SpiceJet,BLR,HYD,2026-04-19 13:37:41.701,2026-04-19 17:06:41.701,3.48,False,BLR - HYD
UK048,Vistara,MAA,DEL,2026-04-19 13:36:41.701,2026-04-19 18:21:41.701,4.75,False,MAA - DEL
AI181,Air India,MAA,HYD,2026-04-19 13:29:41.703,2026-04-19 16:55:41.703,3.43,False,MAA - HYD
AI003,Air India,BLR,HYD,2026-04-19 13:27:41.701,2026-04-19 16:55:41.701,3.47,False,BLR - HYD
6F041,IndiGo,MAA,BOM,2026-04-19 13:19:41.701,2026-04-19 16:48:41.701,3.48,False,MAA - BOM
6F175,IndiGo,MAA,CCU,2026-04-19 13:18:41.703,2026-04-19 15:13:41.703,1.92,False,MAA - CCU
6F013,IndiGo,BOM,CCU,2026-04-19 13:15:41.701,2026-04-19 18:05:41.701,4.83,False,BOM - CCU
SJ040,SpiceJet,BOM,CCU,2026-04-19 13:12:41.701,2026-04-19 16:44:41.701,3.53,False,BOM - CCU
SJ016,SpiceJet,HYD,CCU,2026-04-19 13:01:41.701,2026-04-19 16:26:41.701,3.42,False,HYD - CCU
6F135,IndiGo,MAA,HYD,2026-04-19 12:59:41.702,2026-04-19 13:45:41.702,0.77,False,MAA - HYD
6F150,IndiGo,HYD,MAA,2026-04-19 12:55:41.703,2026-04-19 16:53:41.703,3.97,False,HYD - MAA
AI083,Air India,DEL,BOM,2026-04-19 12:54:41.702,2026-04-19 13:37:41.702,0.72,False,DEL - BOM
SJ166,SpiceJet,CCU,HYD,2026-04-19 12:51:41.703,2026-04-19 16:18:41.703,3.45,False,CCU - HYD
SJ027,SpiceJet,BOM,MAA,2026-04-19 12:50:41.701,2026-04-19 17:13:41.701,4.38,False,BOM - MAA
6F134,IndiGo,BLR,MAA,2026-04-19 12:47:41.702,2026-04-19 14:06:41.702,1.32,False,BLR - MAA
UK225,Vistara,MAA,BLR,2026-04-19 12:46:41.704,2026-04-19 15:02:41.704,2.27,False,MAA - BLR
SJ175,SpiceJet,MAA,BLR,2026-04-19 12:46:41.703,2026-04-19 16:50:41.703,4.07,False,MAA - BLR
AI182,Air India,HYD,DEL,2026-04-19 12:41:41.703,2026-04-19 17:14:41.703,4.55,False,HYD - DEL
AI190,Air India,BOM,CCU,2026-04-19 12:38:41.703,2026-04-19 15:56:41.703,3.3,False,BOM - CCU
AI120,Air India,MAA,CCU,2026-04-19 12:12:41.702,2026-04-19 14:18:41.702,2.1,False,MAA - CCU
6F132,IndiGo,MAA,BOM,2026-04-19 12:00:41.702,2026-04-19 13:00:42.000,1.0,False,MAA - BOM
UK102,Vistara,HYD,CCU,2026-04-19 11:58:41.702,2026-04-19 14:01:41.702,2.05,False,HYD - CCU
AI045,Air India,HYD,MAA,2026-04-19 11:58:41.701,2026-04-19 14:37:41.701,2.65,False,HYD - MAA
UK136,Vistara,HYD,CCU,2026-04-19 11:43:41.703,2026-04-19 15:26:41.703,3.72,False,HYD - CCU
SJ238,SpiceJet,MAA,BLR,2026-04-19 11:41:41.704,2026-04-19 15:39:41.704,3.97,False,MAA - BLR
AI193,Air India,MAA,HYD,2026-04-19 11:33:41.703,2026-04-19 16:07:41.703,4.57,False,MAA - HYD
6F001,IndiGo,HYD,BOM,2026-04-19 11:33:41.700,2026-04-19 13:08:41.700,1.58,False,HYD - BOM
6F211,IndiGo,MAA,BLR,2026-04-19 11:29:41.703,2026-04-19 16:20:41.703,4.85,False,MAA - BLR
SJ199,SpiceJet,HYD,BOM,2026-04-19 11:29:41.703,2026-04-19 13:59:41.703,2.5,False,HYD - BOM
SJ050,SpiceJet,HYD,CCU,2026-04-19 11:24:41.701,2026-04-19 12:03:41.701,0.65,False,HYD - CCU
UK115,Vistara,BLR,BOM,2026-04-19 11:20:41.702,2026-04-19 13:20:42.000,2.0,False,BLR - BOM
AI037,Air India,BOM,BLR,2026-04-19 11:14:41.701,2026-04-19 15:13:41.701,3.98,False,BOM - BLR
6F235,IndiGo,HYD,MAA,2026-04-19 11:06:41.704,2026-04-19 13:51:41.704,2.75,False,HYD - MAA
UK111,Vistara,MAA,BLR,2026-04-19 11:06:41.702,2026-04-19 12:20:41.702,1.23,False,MAA - BLR
6F005,IndiGo,BOM,MAA,2026-04-19 11:04:41.701,2026-04-19 15:27:41.701,4.38,False,BOM - MAA
AI198,Air India,CCU,MAA,2026-04-19 10:56:41.703,2026-04-19 14:19:41.703,3.38,False,CCU - MAA
UK184,Vistara,MAA,HYD,2026-04-19 10:49:41.703,2026-04-19 13:00:41.703,2.18,False,MAA - HYD
6F219,IndiGo,MAA,DEL,2026-04-19 10:32:41.704,2026-04-19 14:37:41.704,4.08,False,MAA - DEL
UK066,Vistara,BOM,CCU,2026-04-19 10:29:41.701,2026-04-19 12:07:41.701,1.63,False,BOM - CCU
6F220,IndiGo,HYD,BOM,2026-04-19 10:27:41.704,2026-04-19 11:25:41.704,0.97,False,HYD - BOM
AI180,Air India,BOM,CCU,2026-04-19 10:19:41.703,2026-04-19 11:00:41.703,0.68,False,BOM - CCU
6F098,IndiGo,BLR,MAA,2026-04-19 10:18:41.702,2026-04-19 12:49:41.702,2.52,False,BLR - MAA
AI141,Air India,BLR,DEL,2026-04-19 10:16:41.702,2026-04-19 14:53:41.702,4.62,False,BLR - DEL
SJ170,SpiceJet,BLR,BOM,2026-04-19 10:11:41.703,2026-04-19 11:56:41.703,1.75,False,BLR - BOM
SJ178,SpiceJet,BOM,HYD,2026-04-19 09:58:41.703,2026-04-19 12:27:41.703,2.48,False,BOM - HYD
6F172,IndiGo,BOM,BLR,2026-04-19 09:53:41.703,2026-04-19 14:46:41.703,4.88,False,BOM - BLR
UK220,Vistara,BLR,BOM,2026-04-19 09:51:41.704,2026-04-19 13:25:41.704,3.57,False,BLR - BOM
SJ148,SpiceJet,DEL,BLR,2026-04-19 09:51:41.702,2026-04-19 13:41:41.702,3.83,False,DEL - BLR
UK065,Vistara,BOM,CCU,2026-04-19 09:38:41.701,2026-04-19 13:46:41.701,4.13,False,BOM - CCU
6F243,IndiGo,BOM,HYD,2026-04-19 09:37:41.704,2026-04-19 10:33:41.704,0.93,False,BOM - HYD
SJ193,SpiceJet,CCU,DEL,2026-04-19 09:37:41.703,2026-04-19 12:16:41.703,2.65,False,CCU - DEL
UK056,Vistara,HYD,MAA,2026-04-19 09:29:41.701,2026-04-19 10:15:41.701,0.77,False,HYD - MAA
AI219,Air India,BLR,DEL,2026-04-19 09:28:41.703,2026-04-19 11:27:41.703,1.98,False,BLR - DEL
SJ073,SpiceJet,CCU,BLR,2026-04-19 09:26:41.701,2026-04-19 11:14:41.701,1.8,False,CCU - BLR
6F052,IndiGo,BOM,CCU,2026-04-19 09:13:41.701,2026-04-19 12:02:41.701,2.82,False,BOM - CCU
SJ201,SpiceJet,BLR,DEL,2026-04-19 09:10:41.703,2026-04-19 11:12:41.703,2.03,False,BLR - DEL
UK028,Vistara,HYD,MAA,2026-04-19 09:02:41.701,2026-04-19 10:37:41.701,1.58,False,HYD - MAA
SJ119,SpiceJet,BOM,CCU,2026-04-19 08:53:41.702,2026-04-19 11:29:41.702,2.6,False,BOM - CCU
AI165,Air India,DEL,CCU,2026-04-19 08:51:41.703,2026-04-19 10:31:41.703,1.67,False,DEL - CCU
AI255,Air India,MAA,CCU,2026-04-19 08:45:41.704,2026-04-19 13:12:41.704,4.45,False,MAA - CCU
AI202,Air India,HYD,BLR,2026-04-19 08:44:41.703,2026-04-19 10:53:41.703,2.15,False,HYD - BLR
SJ039,SpiceJet,MAA,BOM,2026-04-19 08:41:41.701,2026-04-19 12:08:41.701,3.45,False,MAA - BOM
SJ051,SpiceJet,BOM,BLR,2026-04-19 08:40:41.701,2026-04-19 12:18:41.701,3.63,False,BOM - BLR
UK024,Vistara,MAA,BLR,2026-04-19 08:29:41.701,2026-04-19 13:29:41.701,5.0,False,MAA - BLR
SJ006,SpiceJet,HYD,BLR,2026-04-19 08:25:41.701,2026-04-19 08:57:41.701,0.53,False,HYD - BLR
AI207,Air India,BOM,MAA,2026-04-19 08:24:41.703,2026-04-19 11:23:41.703,2.98,False,BOM - MAA
SJ168,SpiceJet,CCU,BOM,2026-04-19 08:17:41.703,2026-04-19 12:29:41.703,4.2,False,CCU - BOM
AI028,Air India,HYD,BOM,2026-04-19 07:53:41.701,2026-04-19 08:35:41.701,0.7,False,HYD - BOM
6F094,IndiGo,BLR,BOM,2026-04-19 07:37:41.702,2026-04-19 09:06:41.702,1.48,False,BLR - BOM
6F024,IndiGo,BOM,DEL,2026-04-19 07:31:41.701,2026-04-19 11:17:41.701,3.77,False,BOM - DEL
6F061,IndiGo,MAA,BOM,2026-04-19 07:28:41.701,2026-04-19 08:09:41.701,0.68,False,MAA - BOM
AI032,Air India,MAA,BLR,2026-04-19 07:26:41.701,2026-04-19 09:26:42.000,2.0,False,MAA - BLR
UK163,Vistara,DEL,HYD,2026-04-19 07:22:41.703,2026-04-19 09:04:41.703,1.7,False,DEL - HYD
SJ067,SpiceJet,MAA,BLR,2026-04-19 07:17:41.701,2026-04-19 08:16:41.701,0.98,False,MAA - BLR
SJ106,SpiceJet,CCU,DEL,2026-04-19 07:16:41.702,2026-04-19 09:40:41.702,2.4,False,CCU - DEL
AI086,Air India,CCU,HYD,2026-04-19 07:13:41.702,2026-04-19 10:09:41.702,2.93,False,CCU - HYD
6F263,IndiGo,DEL,HYD,2026-04-19 07:07:41.703,2026-04-19 08:30:41.703,1.38,False,DEL - HYD
6F163,IndiGo,MAA,BOM,2026-04-19 06:49:41.703,2026-04-19 10:46:41.703,3.95,False,MAA - BOM
SJ064,SpiceJet,CCU,DEL,2026-04-19 06:29:41.701,2026-04-19 08:43:41.701,2.23,False,CCU - DEL
UK118,Vistara,HYD,BLR,2026-04-19 06:22:41.702,2026-04-19 07:22:42.000,1.0,False,HYD - BLR
UK022,Vistara,DEL,HYD,2026-04-19 06:22:41.701,2026-04-19 10:59:41.701,4.62,False,DEL - HYD
UK099,Vistara,BOM,MAA,2026-04-19 06:16:41.702,2026-04-19 10:24:41.702,4.13,False,BOM - MAA
6F212,IndiGo,BLR,CCU,2026-04-19 06:10:41.703,2026-04-19 10:52:41.703,4.7,False,BLR - CCU
AI023,Air India,HYD,BLR,2026-04-19 06:10:41.701,2026-04-19 09:35:41.701,3.42,False,HYD - BLR
SJ245,SpiceJet,BOM,DEL,2026-04-19 06:07:41.704,2026-04-19 09:39:41.704,3.53,False,BOM - DEL
6F066,IndiGo,BLR,HYD,2026-04-19 06:07:41.701,2026-04-19 07:43:41.701,1.6,False,BLR - HYD
AI138,Air India,DEL,CCU,2026-04-19 05:50:41.702,2026-04-19 06:40:41.702,0.83,False,DEL - CCU
SJ021,SpiceJet,HYD,BLR,2026-04-19 05:48:41.701,2026-04-19 09:46:41.701,3.97,False,HYD - BLR
SJ136,SpiceJet,HYD,BLR,2026-04-19 05:45:41.702,2026-04-19 08:04:41.702,2.32,False,HYD - BLR
AI148,Air India,HYD,MAA,2026-04-19 05:41:41.703,2026-04-19 08:32:41.703,2.85,False,HYD - MAA
SJ014,SpiceJet,BOM,HYD,2026-04-19 05:40:41.701,2026-04-19 06:39:41.701,0.98,False,BOM - HYD
6F104,IndiGo,CCU,BOM,2026-04-19 05:39:41.702,2026-04-19 06:14:41.702,0.58,False,CCU - BOM
SJ121,SpiceJet,CCU,DEL,2026-04-19 05:32:41.702,2026-04-19 06:47:41.702,1.25,False,CCU - DEL
UK174,Vistara,CCU,DEL,2026-04-19 05:27:41.703,2026-04-19 07:47:41.703,2.33,False,CCU - DEL
AI033,Air India,MAA,CCU,2026-04-19 05:25:41.701,2026-04-19 10:21:41.701,4.93,False,MAA - CCU
SJ122,SpiceJet,CCU,BOM,2026-04-19 05:22:41.702,2026-04-19 10:09:41.702,4.78,False,CCU - BOM
UK095,Vistara,BOM,MAA,2026-04-19 05:22:41.702,2026-04-19 07:36:41.702,2.23,False,BOM - MAA
SJ026,SpiceJet,CCU,MAA,2026-04-19 05:22:41.701,2026-04-19 09:40:41.701,4.3,False,CCU - MAA
6F221,IndiGo,MAA,DEL,2026-04-19 05:20:41.704,2026-04-19 08:52:41.704,3.53,False,MAA - DEL
SJ103,SpiceJet,MAA,BLR,2026-04-19 05:16:41.702,2026-04-19 08:56:41.702,3.67,False,MAA - BLR
SJ011,SpiceJet,BOM,MAA,2026-04-19 05:14:41.701,2026-04-19 09:59:41.701,4.75,False,BOM - MAA
AI002,Air India,HYD,BLR,2026-04-19 05:12:41.700,2026-04-19 07:12:41.700,2.0,False,HYD - BLR
AI046,Air India,DEL,BOM,2026-04-19 05:09:41.701,2026-04-19 08:00:41.701,2.85,False,DEL - BOM
SJ053,SpiceJet,CCU,DEL,2026-04-19 05:00:41.701,2026-04-19 06:38:41.701,1.63,False,CCU - DEL
AI236,Air India,DEL,BOM,2026-04-19 04:52:41.704,2026-04-19 09:11:41.704,4.32,False,DEL - BOM
AI254,Air India,CCU,HYD,2026-04-19 04:46:41.704,2026-04-19 08:06:41.704,3.33,False,CCU - HYD
6F063,IndiGo,DEL,HYD,2026-04-19 04:42:41.701,2026-04-19 07:31:41.701,2.82,False,DEL - HYD
6F115,IndiGo,MAA,BLR,2026-04-19 04:41:41.702,2026-04-19 06:23:41.702,1.7,False,MAA - BLR
UK070,Vistara,BOM,DEL,2026-04-19 04:36:41.701,2026-04-19 06:49:41.701,2.22,False,BOM - DEL
SJ147,SpiceJet,BLR,CCU,2026-04-19 04:30:41.702,2026-04-19 08:52:41.702,4.37,False,BLR - CCU
UK201,Vistara,HYD,BOM,2026-04-19 04:29:41.703,2026-04-19 06:42:41.703,2.22,False,HYD - BOM
SJ234,SpiceJet,BLR,CCU,2026-04-19 04:20:41.704,2026-04-19 06:23:41.704,2.05,False,BLR - CCU
AI176,Air India,BLR,DEL,2026-04-19 04:20:41.703,2026-04-19 06:25:41.703,2.08,False,BLR - DEL
SJ045,SpiceJet,DEL,MAA,2026-04-19 04:16:41.701,2026-04-19 09:03:41.701,4.78,False,DEL - MAA
SJ174,SpiceJet,CCU,DEL,2026-04-19 04:09:41.703,2026-04-19 05:04:41.703,0.92,False,CCU - DEL
AI007,Air India,MAA,DEL,2026-04-19 04:01:41.701,2026-04-19 06:01:42.000,2.0,False,MAA - DEL
AI143,Air India,CCU,DEL,2026-04-19 03:58:41.702,2026-04-19 04:36:41.702,0.63,False,CCU - DEL
SJ241,SpiceJet,DEL,HYD,2026-04-19 03:57:41.704,2026-04-19 06:36:41.704,2.65,False,DEL - HYD
AI020,Air India,BOM,BLR,2026-04-19 03:53:41.701,2026-04-19 06:21:41.701,2.47,False,BOM - BLR
UK031,Vistara,CCU,DEL,2026-04-19 03:45:41.701,2026-04-19 07:20:41.701,3.58,False,CCU - DEL
AI013,Air India,HYD,BLR,2026-04-19 03:41:41.701,2026-04-19 04:58:41.701,1.28,False,HYD - BLR
AI249,Air India,BLR,HYD,2026-04-19 03:38:41.704,2026-04-19 06:27:41.704,2.82,False,BLR - HYD
UK046,Vistara,CCU,DEL,2026-04-19 03:37:41.701,2026-04-19 06:05:41.701,2.47,False,CCU - DEL
UK168,Vistara,BLR,CCU,2026-04-19 03:20:41.703,2026-04-19 04:09:41.703,0.82,False,BLR - CCU
AI022,Air India,BOM,MAA,2026-04-19 03:15:41.701,2026-04-19 05:10:41.701,1.92,False,BOM - MAA
UK218,Vistara,MAA,BLR,2026-04-19 03:12:41.704,2026-04-19 07:22:41.704,4.17,False,MAA - BLR
UK142,Vistara,BLR,DEL,2026-04-19 03:03:41.703,2026-04-19 07:13:41.703,4.17,False,BLR - DEL
6F067,IndiGo,MAA,BLR,2026-04-19 02:59:41.701,2026-04-19 06:02:41.701,3.05,False,MAA - BLR
SJ217,SpiceJet,BOM,CCU,2026-04-19 02:57:41.703,2026-04-19 06:04:41.703,3.12,False,BOM - CCU
SJ143,SpiceJet,DEL,BOM,2026-04-19 02:55:41.702,2026-04-19 03:52:41.702,0.95,False,DEL - BOM
AI243,Air India,BLR,BOM,2026-04-19 02:50:41.704,2026-04-19 05:09:41.704,2.32,False,BLR - BOM
SJ246,SpiceJet,BOM,DEL,2026-04-19 02:47:41.704,2026-04-19 03:47:42.000,1.0,False,BOM - DEL
6F170,IndiGo,HYD,DEL,2026-04-19 02:44:41.703,2026-04-19 04:14:41.703,1.5,False,HYD - DEL
UK157,Vistara,CCU,BOM,2026-04-19 02:41:41.703,2026-04-19 03:41:42.000,1.0,False,CCU - BOM
UK172,Vistara,DEL,BOM,2026-04-19 02:20:41.703,2026-04-19 05:21:41.703,3.02,False,DEL - BOM
SJ139,SpiceJet,DEL,BLR,2026-04-19 02:20:41.702,2026-04-19 06:02:41.702,3.7,False,DEL - BLR
UK085,Vistara,MAA,DEL,2026-04-19 02:15:41.702,2026-04-19 03:17:41.702,1.03,False,MAA - DEL
6F079,IndiGo,MAA,HYD,2026-04-19 02:14:41.702,2026-04-19 06:18:41.702,4.07,False,MAA - HYD
SJ032,SpiceJet,MAA,BOM,2026-04-19 02:11:41.701,2026-04-19 04:33:41.701,2.37,False,MAA - BOM
6F182,IndiGo,BOM,CCU,2026-04-19 02:10:41.703,2026-04-19 04:18:41.703,2.13,False,BOM - CCU
AI106,Air India,HYD,BLR,2026-04-19 02:07:41.702,2026-04-19 03:20:41.702,1.22,False,HYD - BLR
AI200,Air India,HYD,MAA,2026-04-19 02:05:41.703,2026-04-19 05:29:41.703,3.4,False,HYD - MAA
6F142,IndiGo,CCU,MAA,2026-04-19 02:05:41.702,2026-04-19 06:04:41.702,3.98,False,CCU - MAA
SJ079,SpiceJet,HYD,DEL,2026-04-19 01:58:41.702,2026-04-19 05:02:41.702,3.07,False,HYD - DEL
SJ082,SpiceJet,BOM,DEL,2026-04-19 01:54:41.702,2026-04-19 02:33:41.702,0.65,False,BOM - DEL
SJ110,SpiceJet,CCU,DEL,2026-04-19 01:47:41.702,2026-04-19 02:20:41.702,0.55,False,CCU - DEL
6F262,IndiGo,MAA,DEL,2026-04-19 01:44:41.702,2026-04-19 02:47:41.702,1.05,False,MAA - DEL
UK143,Vistara,BLR,BOM,2026-04-19 01:34:41.703,2026-04-19 02:48:41.703,1.23,False,BLR - BOM
6F269,IndiGo,HYD,MAA,2026-04-19 01:30:41.702,2026-04-19 02:52:41.702,1.37,False,HYD - MAA
6F214,IndiGo,BOM,CCU,2026-04-19 01:21:41.703,2026-04-19 05:20:41.703,3.98,False,BOM - CCU
SJ213,SpiceJet,BOM,CCU,2026-04-19 01:19:41.703,2026-04-19 04:48:41.703,3.48,False,BOM - CCU
SJ072,SpiceJet,DEL,HYD,2026-04-19 01:18:41.701,2026-04-19 04:08:41.701,2.83,False,DEL - HYD
6F059,IndiGo,BOM,DEL,2026-04-19 01:12:41.701,2026-04-19 06:02:41.701,4.83,False,BOM - DEL
UK202,Vistara,DEL,HYD,2026-04-19 01:11:41.703,2026-04-19 05:37:41.703,4.43,False,DEL - HYD
UK037,Vistara,BLR,BOM,2026-04-19 01:10:41.701,2026-04-19 05:12:41.701,4.03,False,BLR - BOM
UK069,Vistara,CCU,DEL,2026-04-19 01:10:41.701,2026-04-19 03:23:41.701,2.22,False,CCU - DEL
SJ118,SpiceJet,DEL,BOM,2026-04-19 01:08:41.702,2026-04-19 02:33:41.702,1.42,False,DEL - BOM
6F145,IndiGo,CCU,DEL,2026-04-19 01:02:41.703,2026-04-19 02:18:41.703,1.27,False,CCU - DEL
UK097,Vistara,HYD,BOM,2026-04-19 00:49:41.702,2026-04-19 05:00:41.702,4.18,False,HYD - BOM
6F117,IndiGo,CCU,DEL,2026-04-19 00:46:41.702,2026-04-19 01:51:41.702,1.08,False,CCU - DEL
6F226,IndiGo,DEL,BOM,2026-04-19 00:38:41.704,2026-04-19 02:55:41.704,2.28,False,DEL - BOM
6F050,IndiGo,DEL,BOM,2026-04-19 00:35:41.701,2026-04-19 04:32:41.701,3.95,False,DEL - BOM
UK196,Vistara,BOM,HYD,2026-04-19 00:32:41.703,2026-04-19 04:49:41.703,4.28,False,BOM - HYD
SJ086,SpiceJet,CCU,DEL,2026-04-19 00:32:41.702,2026-04-19 04:17:41.702,3.75,False,CCU - DEL
AI134,Air India,HYD,BOM,2026-04-19 00:28:41.702,2026-04-19 04:23:41.702,3.92,False,HYD - BOM
AI043,Air India,CCU,DEL,2026-04-19 00:28:41.701,2026-04-19 04:37:41.701,4.15,False,CCU - DEL
UK119,Vistara,BOM,CCU,2026-04-19 00:21:41.702,2026-04-19 04:38:41.702,4.28,False,BOM - CCU
SJ181,SpiceJet,BOM,BLR,2026-04-19 00:20:41.703,2026-04-19 01:49:41.703,1.48,False,BOM - BLR
AI070,Air India,CCU,DEL,2026-04-19 00:05:41.702,2026-04-19 01:44:41.702,1.65,False,CCU - DEL
6F233,IndiGo,BLR,BOM,2026-04-18 23:56:41.704,2026-04-19 03:53:41.704,3.95,True,BLR - BOM
UK013,Vistara,BOM,MAA,2026-04-18 23:52:41.701,2026-04-19 02:52:41.701,3.0,True,BOM - MAA
6F015,IndiGo,BOM,CCU,2026-04-18 23:39:41.701,2026-04-19 02:27:41.701,2.8,True,BOM - CCU
SJ247,SpiceJet,DEL,BOM,2026-04-18 23:38:41.704,2026-04-19 03:43:41.704,4.08,True,DEL - BOM
AI067,Air India,HYD,DEL,2026-04-18 23:36:41.701,2026-04-19 03:09:41.701,3.55,True,HYD - DEL
AI211,Air India,DEL,CCU,2026-04-18 23:34:41.703,2026-04-19 01:21:41.703,1.78,True,DEL - CCU
UK029,Vistara,DEL,BOM,2026-04-18 23:26:41.701,2026-04-19 02:15:41.701,2.82,True,DEL - BOM
SJ200,SpiceJet,BOM,DEL,2026-04-18 23:24:41.703,2026-04-19 02:11:41.703,2.78,True,BOM - DEL
6F087,IndiGo,DEL,HYD,2026-04-18 23:24:41.702,2026-04-19 03:10:41.702,3.77,True,DEL - HYD
SJ210,SpiceJet,HYD,CCU,2026-04-18 23:21:41.703,2026-04-19 02:54:41.703,3.55,True,HYD - CCU
AI101,Air India,DEL,BLR,2026-04-18 23:20:41.702,2026-04-19 02:23:41.702,3.05,True,DEL - BLR
UK075,Vistara,MAA,CCU,2026-04-18 23:15:41.702,2026-04-19 03:54:41.702,4.65,True,MAA - CCU
SJ091,SpiceJet,BLR,CCU,2026-04-18 23:10:41.702,2026-04-19 00:47:41.702,1.62,True,BLR - CCU
AI251,Air India,MAA,DEL,2026-04-18 22:40:41.704,2026-04-18 23:24:41.704,0.73,False,MAA - DEL
SJ042,SpiceJet,HYD,CCU,2026-04-18 22:38:41.701,2026-04-19 02:20:41.701,3.7,True,HYD - CCU
UK126,Vistara,CCU,DEL,2026-04-18 22:37:41.702,2026-04-19 00:03:41.702,1.43,True,CCU - DEL
6F042,IndiGo,HYD,DEL,2026-04-18 22:35:41.701,2026-04-19 02:41:41.701,4.1,True,HYD - DEL
AI116,Air India,CCU,BOM,2026-04-18 22:30:41.702,2026-04-19 01:57:41.702,3.45,True,CCU - BOM
SJ209,SpiceJet,BLR,BOM,2026-04-18 22:22:41.703,2026-04-19 02:03:41.703,3.68,True,BLR - BOM
AI123,Air India,MAA,BOM,2026-04-18 22:19:41.702,2026-04-19 00:45:41.702,2.43,True,MAA - BOM
6F016,IndiGo,HYD,BOM,2026-04-18 22:18:41.701,2026-04-18 22:54:41.701,0.6,False,HYD - BOM
UK012,Vistara,MAA,BOM,2026-04-18 22:16:41.701,2026-04-19 00:25:41.701,2.15,True,MAA - BOM
SJ188,SpiceJet,BLR,BOM,2026-04-18 22:15:41.703,2026-04-18 22:55:41.703,0.67,False,BLR - BOM
UK096,Vistara,BLR,HYD,2026-04-18 22:11:41.702,2026-04-19 00:06:41.702,1.92,True,BLR - HYD
SJ046,SpiceJet,BOM,MAA,2026-04-18 22:01:41.701,2026-04-19 01:25:41.701,3.4,True,BOM - MAA
UK081,Vistara,BLR,DEL,2026-04-18 22:00:41.702,2026-04-18 23:00:41.702,1.0,False,BLR - DEL
UK191,Vistara,MAA,BLR,2026-04-18 21:51:41.703,2026-04-18 22:57:41.703,1.1,False,MAA - BLR
6F064,IndiGo,CCU,DEL,2026-04-18 21:45:41.701,2026-04-18 22:50:41.701,1.08,False,CCU - DEL
AI005,Air India,DEL,CCU,2026-04-18 21:24:41.701,2026-04-18 22:11:41.701,0.78,False,DEL - CCU
6F021,IndiGo,BLR,MAA,2026-04-18 21:23:41.701,2026-04-19 01:25:41.701,4.03,True,BLR - MAA
AI169,Air India,CCU,DEL,2026-04-18 21:21:41.703,2026-04-19 01:34:41.703,4.22,True,CCU - DEL
UK035,Vistara,HYD,BOM,2026-04-18 21:08:41.701,2026-04-18 22:24:41.701,1.27,False,HYD - BOM
AI040,Air India,HYD,BLR,2026-04-18 21:01:41.701,2026-04-18 22:42:41.701,1.68,False,HYD - BLR
UK042,Vistara,MAA,BOM,2026-04-18 20:59:41.701,2026-04-19 01:38:41.701,4.65,True,MAA - BOM
SJ171,SpiceJet,DEL,HYD,2026-04-18 20:52:41.703,2026-04-18 23:52:41.703,3.0,False,DEL - HYD
AI250,Air India,BOM,CCU,2026-04-18 20:48:41.704,2026-04-19 00:12:41.704,3.4,True,BOM - CCU
SJ195,SpiceJet,BOM,CCU,2026-04-18 20:41:41.703,2026-04-18 23:54:41.703,3.22,False,BOM - CCU
UK211,Vistara,MAA,CCU,2026-04-18 20:39:41.704,2026-04-18 22:02:41.704,1.38,False,MAA - CCU
UK122,Vistara,HYD,CCU,2026-04-18 20:29:42.000,2026-04-18 23:29:42.000,3.0,False,HYD - CCU
AI136,Air India,BLR,DEL,2026-04-18 20:29:41.702,2026-04-18 23:48:41.702,3.32,False,BLR - DEL
6F141,IndiGo,BOM,CCU,2026-04-18 20:26:41.702,2026-04-18 22:28:41.702,2.03,False,BOM - CCU
6F053,IndiGo,DEL,HYD,2026-04-18 20:26:41.701,2026-04-19 00:39:41.701,4.22,True,DEL - HYD
6F136,IndiGo,CCU,DEL,2026-04-18 20:24:41.702,2026-04-18 21:01:41.702,0.62,False,CCU - DEL
6F009,IndiGo,BLR,CCU,2026-04-18 20:21:41.701,2026-04-18 23:36:41.701,3.25,False,BLR - CCU
6F023,IndiGo,MAA,BLR,2026-04-18 20:18:41.701,2026-04-19 00:14:41.701,3.93,True,MAA - BLR
UK006,Vistara,MAA,CCU,2026-04-18 20:16:41.701,2026-04-18 21:55:41.701,1.65,False,MAA - CCU
SJ165,SpiceJet,CCU,BOM,2026-04-18 20:08:41.703,2026-04-18 23:18:41.703,3.17,False,CCU - BOM
6F189,IndiGo,MAA,BLR,2026-04-18 20:08:41.703,2026-04-18 21:51:41.703,1.72,False,MAA - BLR
AI131,Air India,MAA,BOM,2026-04-18 19:55:41.702,2026-04-18 22:35:41.702,2.67,False,MAA - BOM
6F004,IndiGo,BOM,CCU,2026-04-18 19:53:41.701,2026-04-18 23:33:41.701,3.67,False,BOM - CCU
AI027,Air India,BOM,MAA,2026-04-18 19:41:41.701,2026-04-18 23:23:41.701,3.7,False,BOM - MAA
AI238,Air India,CCU,MAA,2026-04-18 19:25:41.704,2026-04-19 00:07:41.704,4.7,True,CCU - MAA
SJ105,SpiceJet,BOM,HYD,2026-04-18 19:22:41.702,2026-04-18 22:48:41.702,3.43,False,BOM - HYD
UK088,Vistara,MAA,BLR,2026-04-18 19:16:41.702,2026-04-18 23:36:41.702,4.33,False,MAA - BLR
6F035,IndiGo,CCU,HYD,2026-04-18 19:16:41.701,2026-04-18 23:40:41.701,4.4,False,CCU - HYD
AI133,Air India,DEL,CCU,2026-04-18 19:12:41.702,2026-04-18 21:32:41.702,2.33,False,DEL - CCU
AI001,Air India,DEL,HYD,2026-04-18 19:00:41.700,2026-04-18 22:03:41.700,3.05,False,DEL - HYD
SJ133,SpiceJet,BOM,CCU,2026-04-18 18:50:41.702,2026-04-18 21:29:41.702,2.65,False,BOM - CCU
SJ216,SpiceJet,BOM,CCU,2026-04-18 18:35:41.703,2026-04-18 21:31:41.703,2.93,False,BOM - CCU
SJ225,SpiceJet,DEL,HYD,2026-04-18 18:16:41.704,2026-04-18 20:53:41.704,2.62,False,DEL - HYD
AI147,Air India,HYD,CCU,2026-04-18 18:14:41.703,2026-04-18 20:10:41.703,1.93,False,HYD - CCU
SJ054,SpiceJet,MAA,BLR,2026-04-18 18:13:41.701,2026-04-18 22:46:41.701,4.55,False,MAA - BLR
6F197,IndiGo,BOM,BLR,2026-04-18 17:59:41.703,2026-04-18 22:44:41.703,4.75,False,BOM - BLR
SJ066,SpiceJet,HYD,CCU,2026-04-18 17:47:41.701,2026-04-18 19:03:41.701,1.27,False,HYD - CCU
SJ183,SpiceJet,CCU,DEL,2026-04-18 17:44:41.703,2026-04-18 19:40:41.703,1.93,False,CCU - DEL
SJ151,SpiceJet,BOM,CCU,2026-04-18 17:44:41.702,2026-04-18 19:16:41.702,1.53,False,BOM - CCU
SJ071,SpiceJet,CCU,MAA,2026-04-18 17:43:41.701,2026-04-18 19:32:41.701,1.82,False,CCU - MAA
SJ102,SpiceJet,MAA,CCU,2026-04-18 17:26:41.702,2026-04-18 18:58:41.702,1.53,False,MAA - CCU
AI209,Air India,BLR,CCU,2026-04-18 17:25:41.703,2026-04-18 18:37:41.703,1.2,False,BLR - CCU
6F111,IndiGo,HYD,DEL,2026-04-18 17:09:41.702,2026-04-18 20:02:41.702,2.88,False,HYD - DEL
AI050,Air India,BLR,BOM,2026-04-18 17:07:41.701,2026-04-18 19:42:41.701,2.58,False,BLR - BOM
SJ189,SpiceJet,HYD,BLR,2026-04-18 17:05:41.703,2026-04-18 22:01:41.703,4.93,False,HYD - BLR
UK112,Vistara,CCU,DEL,2026-04-18 17:05:41.702,2026-04-18 19:47:41.702,2.7,False,CCU - DEL
6F171,IndiGo,DEL,BLR,2026-04-18 17:03:41.703,2026-04-18 18:12:41.703,1.15,False,DEL - BLR
AI011,Air India,CCU,BOM,2026-04-18 16:58:41.701,2026-04-18 21:01:41.701,4.05,False,CCU - BOM
6F027,IndiGo,BLR,DEL,2026-04-18 16:52:41.701,2026-04-18 18:21:41.701,1.48,False,BLR - DEL
UK082,Vistara,DEL,BOM,2026-04-18 16:50:41.702,2026-04-18 21:21:41.702,4.52,False,DEL - BOM
UK138,Vistara,DEL,BLR,2026-04-18 16:47:41.703,2026-04-18 19:36:41.703,2.82,False,DEL - BLR
UK198,Vistara,DEL,BLR,2026-04-18 16:43:41.703,2026-04-18 18:18:41.703,1.58,False,DEL - BLR
6F039,IndiGo,MAA,CCU,2026-04-18 16:43:41.701,2026-04-18 21:01:41.701,4.3,False,MAA - CCU
6F157,IndiGo,MAA,CCU,2026-04-18 16:37:41.703,2026-04-18 18:04:41.703,1.45,False,MAA - CCU
SJ024,SpiceJet,DEL,MAA,2026-04-18 16:29:41.701,2026-04-18 20:21:41.701,3.87,False,DEL - MAA
6F167,IndiGo,BLR,BOM,2026-04-18 16:26:41.703,2026-04-18 17:50:41.703,1.4,False,BLR - BOM
AI197,Air India,BOM,CCU,2026-04-18 16:25:41.703,2026-04-18 20:00:41.703,3.58,False,BOM - CCU
SJ211,SpiceJet,MAA,BOM,2026-04-18 16:22:41.703,2026-04-18 18:34:41.703,2.2,False,MAA - BOM
6F055,IndiGo,DEL,CCU,2026-04-18 16:21:41.701,2026-04-18 18:49:41.701,2.47,False,DEL - CCU
AI253,Air India,BLR,BOM,2026-04-18 16:13:41.704,2026-04-18 19:51:41.704,3.63,False,BLR - BOM
UK060,Vistara,BLR,CCU,2026-04-18 16:09:41.701,2026-04-18 19:42:41.701,3.55,False,BLR - CCU
6F257,IndiGo,MAA,CCU,2026-04-18 16:04:41.704,2026-04-18 19:55:41.704,3.85,False,MAA - CCU
SJ135,SpiceJet,MAA,CCU,2026-04-18 16:03:41.702,2026-04-18 19:48:41.702,3.75,False,MAA - CCU
AI247,Air India,BOM,CCU,2026-04-18 15:58:41.704,2026-04-18 19:02:41.704,3.07,False,BOM - CCU
UK127,Vistara,BOM,HYD,2026-04-18 15:56:41.702,2026-04-18 20:00:41.702,4.07,False,BOM - HYD
AI109,Air India,BLR,BOM,2026-04-18 15:53:41.702,2026-04-18 20:14:41.702,4.35,False,BLR - BOM
AI057,Air India,BOM,CCU,2026-04-18 15:53:41.701,2026-04-18 19:22:41.701,3.48,False,BOM - CCU
6F103,IndiGo,CCU,MAA,2026-04-18 15:37:41.702,2026-04-18 18:32:41.702,2.92,False,CCU - MAA
SJ144,SpiceJet,BLR,BOM,2026-04-18 15:35:41.702,2026-04-18 19:12:41.702,3.62,False,BLR - BOM
6F076,IndiGo,CCU,HYD,2026-04-18 15:35:41.702,2026-04-18 16:20:41.702,0.75,False,CCU - HYD
6F240,IndiGo,DEL,HYD,2026-04-18 15:31:41.704,2026-04-18 19:56:41.704,4.42,False,DEL - HYD
UK057,Vistara,CCU,DEL,2026-04-18 15:25:41.701,2026-04-18 20:04:41.701,4.65,False,CCU - DEL
AI201,Air India,BLR,CCU,2026-04-18 15:19:41.703,2026-04-18 16:40:41.703,1.35,False,BLR - CCU
SJ242,SpiceJet,BLR,HYD,2026-04-18 14:55:41.704,2026-04-18 17:42:41.704,2.78,False,BLR - HYD
6F037,IndiGo,BOM,MAA,2026-04-18 14:51:41.701,2026-04-18 17:23:41.701,2.53,False,BOM - MAA
SJ132,SpiceJet,MAA,DEL,2026-04-18 14:44:41.702,2026-04-18 15:36:41.702,0.87,False,MAA - DEL
AI055,Air India,CCU,BOM,2026-04-18 14:39:41.701,2026-04-18 16:18:41.701,1.65,False,CCU - BOM
6F252,IndiGo,MAA,BLR,2026-04-18 14:25:41.701,2026-04-18 18:52:41.701,4.45,False,MAA - BLR
AI183,Air India,DEL,CCU,2026-04-18 14:24:41.703,2026-04-18 16:06:41.703,1.7,False,DEL - CCU
SJ125,SpiceJet,DEL,BLR,2026-04-18 14:21:41.702,2026-04-18 16:55:41.702,2.57,False,DEL - BLR
SJ087,SpiceJet,BOM,DEL,2026-04-18 14:20:41.702,2026-04-18 19:09:41.702,4.82,False,BOM - DEL
UK182,Vistara,HYD,CCU,2026-04-18 14:19:41.703,2026-04-18 18:25:41.703,4.1,False,HYD - CCU
AI016,Air India,BOM,CCU,2026-04-18 14:15:41.701,2026-04-18 18:38:41.701,4.38,False,BOM - CCU
6F107,IndiGo,CCU,BLR,2026-04-18 14:14:41.702,2026-04-18 17:14:42.000,3.0,False,CCU - BLR
AI026,Air India,DEL,BOM,2026-04-18 14:14:41.701,2026-04-18 15:13:41.701,0.98,False,DEL - BOM
AI177,Air India,CCU,HYD,2026-04-18 14:11:41.703,2026-04-18 16:26:41.703,2.25,False,CCU - HYD
AI041,Air India,BOM,BLR,2026-04-18 14:08:41.701,2026-04-18 15:59:41.701,1.85,False,BOM - BLR
6F264,IndiGo,DEL,HYD,2026-04-18 14:03:41.701,2026-04-18 18:23:41.701,4.33,False,DEL - HYD
6F222,IndiGo,HYD,MAA,2026-04-18 14:01:41.704,2026-04-18 16:11:41.704,2.17,False,HYD - MAA
AI004,Air India,HYD,MAA,2026-04-18 13:58:41.701,2026-04-18 18:12:41.701,4.23,False,HYD - MAA
SJ126,SpiceJet,DEL,BLR,2026-04-18 13:47:41.702,2026-04-18 16:31:41.702,2.73,False,DEL - BLR
SJ220,SpiceJet,BOM,CCU,2026-04-18 13:45:41.703,2026-04-18 15:21:41.703,1.6,False,BOM - CCU
AI204,Air India,CCU,MAA,2026-04-18 13:40:41.703,2026-04-18 18:38:41.703,4.97,False,CCU - MAA
UK098,Vistara,CCU,DEL,2026-04-18 13:38:41.702,2026-04-18 17:54:41.702,4.27,False,CCU - DEL
AI090,Air India,MAA,CCU,2026-04-18 13:37:41.702,2026-04-18 16:11:41.702,2.57,False,MAA - CCU
AI092,Air India,CCU,BOM,2026-04-18 13:36:41.702,2026-04-18 16:20:41.702,2.73,False,CCU - BOM
AI049,Air India,CCU,MAA,2026-04-18 13:35:41.701,2026-04-18 15:48:41.701,2.22,False,CCU - MAA
UK117,Vistara,BLR,BOM,2026-04-18 13:17:41.702,2026-04-18 16:54:41.702,3.62,False,BLR - BOM
6F227,IndiGo,MAA,BOM,2026-04-18 13:16:41.704,2026-04-18 17:41:41.704,4.42,False,MAA - BOM
AI228,Air India,BLR,BOM,2026-04-18 13:16:41.703,2026-04-18 17:44:41.703,4.47,False,BLR - BOM
SJ164,SpiceJet,CCU,MAA,2026-04-18 13:14:41.703,2026-04-18 15:14:42.000,2.0,False,CCU - MAA
AI018,Air India,BOM,CCU,2026-04-18 13:12:41.701,2026-04-18 18:04:41.701,4.87,False,BOM - CCU
UK192,Vistara,HYD,DEL,2026-04-18 12:54:41.703,2026-04-18 13:54:42.000,1.0,False,HYD - DEL
SJ224,SpiceJet,DEL,MAA,2026-04-18 12:41:41.703,2026-04-18 15:33:41.703,2.87,False,DEL - MAA
UK050,Vistara,BOM,DEL,2026-04-18 12:39:41.701,2026-04-18 13:18:41.701,0.65,False,BOM - DEL
SJ159,SpiceJet,CCU,DEL,2026-04-18 12:22:41.703,2026-04-18 14:05:41.703,1.72,False,CCU - DEL
UK038,Vistara,MAA,CCU,2026-04-18 12:22:41.701,2026-04-18 15:31:41.701,3.15,False,MAA - CCU
6F192,IndiGo,CCU,BLR,2026-04-18 12:20:41.703,2026-04-18 16:45:41.703,4.42,False,CCU - BLR
6F173,IndiGo,BOM,CCU,2026-04-18 12:19:41.703,2026-04-18 13:08:41.703,0.82,False,BOM - CCU
AI185,Air India,CCU,BOM,2026-04-18 12:16:41.703,2026-04-18 16:18:41.703,4.03,False,CCU - BOM
SJ152,SpiceJet,BOM,DEL,2026-04-18 12:09:41.702,2026-04-18 13:50:41.702,1.68,False,BOM - DEL
AI215,Air India,BLR,DEL,2026-04-18 12:07:41.703,2026-04-18 13:43:41.703,1.6,False,BLR - DEL
AI074,Air India,CCU,BOM,2026-04-18 12:03:41.702,2026-04-18 12:50:41.702,0.78,False,CCU - BOM
6F109,IndiGo,BLR,BOM,2026-04-18 12:00:41.702,2026-04-18 12:51:41.702,0.85,False,BLR - BOM
6F144,IndiGo,HYD,BOM,2026-04-18 11:56:41.702,2026-04-18 15:11:41.702,3.25,False,HYD - BOM
6F210,IndiGo,HYD,DEL,2026-04-18 11:51:41.703,2026-04-18 15:58:41.703,4.12,False,HYD - DEL
SJ111,SpiceJet,DEL,MAA,2026-04-18 11:47:41.702,2026-04-18 12:59:41.702,1.2,False,DEL - MAA
UK092,Vistara,MAA,BLR,2026-04-18 11:42:41.702,2026-04-18 13:17:41.702,1.58,False,MAA - BLR
UK009,Vistara,BOM,DEL,2026-04-18 11:34:41.701,2026-04-18 13:41:41.701,2.12,False,BOM - DEL
AI170,Air India,HYD,DEL,2026-04-18 11:27:41.703,2026-04-18 15:50:41.703,4.38,False,HYD - DEL
6F154,IndiGo,CCU,DEL,2026-04-18 11:26:41.703,2026-04-18 12:23:41.703,0.95,False,CCU - DEL
6F161,IndiGo,MAA,DEL,2026-04-18 11:24:41.703,2026-04-18 12:21:41.703,0.95,False,MAA - DEL
UK128,Vistara,BOM,CCU,2026-04-18 11:22:41.702,2026-04-18 14:11:41.702,2.82,False,BOM - CCU
AI186,Air India,DEL,BOM,2026-04-18 11:11:41.703,2026-04-18 13:05:41.703,1.9,False,DEL - BOM
AI099,Air India,BLR,BOM,2026-04-18 11:07:41.702,2026-04-18 13:29:41.702,2.37,False,BLR - BOM
6F203,IndiGo,BLR,HYD,2026-04-18 11:05:41.703,2026-04-18 12:56:41.703,1.85,False,BLR - HYD
UK139,Vistara,BLR,MAA,2026-04-18 10:54:41.703,2026-04-18 14:31:41.703,3.62,False,BLR - MAA
SJ008,SpiceJet,HYD,BLR,2026-04-18 10:53:41.701,2026-04-18 15:48:41.701,4.92,False,HYD - BLR
AI171,Air India,MAA,BLR,2026-04-18 10:51:41.703,2026-04-18 13:34:41.703,2.72,False,MAA - BLR
6F124,IndiGo,BLR,BOM,2026-04-18 10:47:41.702,2026-04-18 15:21:41.702,4.57,False,BLR - BOM
6F137,IndiGo,CCU,DEL,2026-04-18 10:45:41.702,2026-04-18 15:01:41.702,4.27,False,CCU - DEL
AI008,Air India,BOM,CCU,2026-04-18 10:43:41.701,2026-04-18 12:43:42.000,2.0,False,BOM - CCU
SJ140,SpiceJet,HYD,DEL,2026-04-18 10:42:41.702,2026-04-18 14:30:41.702,3.8,False,HYD - DEL
UK016,Vistara,DEL,CCU,2026-04-18 10:42:41.701,2026-04-18 11:22:41.701,0.67,False,DEL - CCU
AI127,Air India,DEL,HYD,2026-04-18 10:37:41.702,2026-04-18 13:45:41.702,3.13,False,DEL - HYD
SJ096,SpiceJet,DEL,HYD,2026-04-18 10:29:41.702,2026-04-18 13:45:41.702,3.27,False,DEL - HYD
6F048,IndiGo,HYD,DEL,2026-04-18 10:27:41.701,2026-04-18 11:18:41.701,0.85,False,HYD - DEL
SJ090,SpiceJet,HYD,MAA,2026-04-18 10:24:41.702,2026-04-18 13:11:41.702,2.78,False,HYD - MAA
AI014,Air India,HYD,MAA,2026-04-18 10:24:41.701,2026-04-18 13:51:41.701,3.45,False,HYD - MAA
6F131,IndiGo,BLR,HYD,2026-04-18 10:22:41.702,2026-04-18 14:20:41.702,3.97,False,BLR - HYD
AI130,Air India,BOM,BLR,2026-04-18 10:18:41.702,2026-04-18 12:59:41.702,2.68,False,BOM - BLR
UK151,Vistara,BOM,CCU,2026-04-18 10:11:41.703,2026-04-18 13:30:41.703,3.32,False,BOM - CCU
6F165,IndiGo,BLR,BOM,2026-04-18 10:11:41.703,2026-04-18 11:09:41.703,0.97,False,BLR - BOM
UK161,Vistara,BLR,BOM,2026-04-18 10:05:41.703,2026-04-18 12:48:41.703,2.72,False,BLR - BOM
AI107,Air India,HYD,CCU,2026-04-18 10:03:41.702,2026-04-18 10:49:41.702,0.77,False,HYD - CCU
SJ104,SpiceJet,HYD,DEL,2026-04-18 10:00:41.702,2026-04-18 11:00:42.000,1.0,False,HYD - DEL
AI042,Air India,CCU,DEL,2026-04-18 09:53:41.701,2026-04-18 10:57:41.701,1.07,False,CCU - DEL
6F266,IndiGo,CCU,MAA,2026-04-18 09:49:41.703,2026-04-18 11:17:41.703,1.47,False,CCU - MAA
6F138,IndiGo,HYD,BLR,2026-04-18 09:49:41.702,2026-04-18 12:53:41.702,3.07,False,HYD - BLR
SJ219,SpiceJet,BOM,DEL,2026-04-18 09:32:41.703,2026-04-18 14:09:41.703,4.62,False,BOM - DEL
UK197,Vistara,BLR,HYD,2026-04-18 09:22:41.703,2026-04-18 10:54:41.703,1.53,False,BLR - HYD
6F119,IndiGo,DEL,BOM,2026-04-18 09:19:41.702,2026-04-18 11:33:41.702,2.23,False,DEL - BOM
SJ058,SpiceJet,DEL,HYD,2026-04-18 08:58:41.701,2026-04-18 13:14:41.701,4.27,False,DEL - HYD
AI218,Air India,BOM,CCU,2026-04-18 08:55:41.703,2026-04-18 11:55:41.703,3.0,False,BOM - CCU
SJ060,SpiceJet,HYD,CCU,2026-04-18 08:51:41.701,2026-04-18 13:46:41.701,4.92,False,HYD - CCU
UK121,Vistara,BLR,BOM,2026-04-18 08:36:41.702,2026-04-18 12:36:41.702,4.0,False,BLR - BOM
6F208,IndiGo,CCU,BOM,2026-04-18 08:27:41.703,2026-04-18 11:34:41.703,3.12,False,CCU - BOM
6F153,IndiGo,CCU,BLR,2026-04-18 08:23:41.703,2026-04-18 12:20:41.703,3.95,False,CCU - BLR
AI117,Air India,HYD,BLR,2026-04-18 08:18:41.702,2026-04-18 10:09:41.702,1.85,False,HYD - BLR
SJ113,SpiceJet,BLR,BOM,2026-04-18 08:10:41.702,2026-04-18 10:10:42.000,2.0,False,BLR - BOM
AI191,Air India,BLR,MAA,2026-04-18 07:57:41.703,2026-04-18 11:58:41.703,4.02,False,BLR - MAA
6F267,IndiGo,DEL,MAA,2026-04-18 07:56:41.703,2026-04-18 11:49:41.703,3.88,False,DEL - MAA
6F185,IndiGo,CCU,DEL,2026-04-18 07:49:41.703,2026-04-18 10:08:41.703,2.32,False,CCU - DEL
AI114,Air India,CCU,DEL,2026-04-18 07:48:41.702,2026-04-18 09:03:41.702,1.25,False,CCU - DEL
6F155,IndiGo,DEL,BLR,2026-04-18 07:47:41.703,2026-04-18 08:20:41.703,0.55,False,DEL - BLR
UK045,Vistara,MAA,HYD,2026-04-18 07:43:41.701,2026-04-18 09:28:41.701,1.75,False,MAA - HYD
AI111,Air India,MAA,CCU,2026-04-18 07:40:41.702,2026-04-18 10:39:41.702,2.98,False,MAA - CCU
AI156,Air India,CCU,BOM,2026-04-18 07:39:41.703,2026-04-18 09:22:41.703,1.72,False,CCU - BOM
SJ128,SpiceJet,CCU,BLR,2026-04-18 07:39:41.702,2026-04-18 10:42:41.702,3.05,False,CCU - BLR
AI104,Air India,MAA,HYD,2026-04-18 07:35:41.702,2026-04-18 09:20:41.702,1.75,False,MAA - HYD
6F225,IndiGo,HYD,CCU,2026-04-18 07:33:41.704,2026-04-18 12:12:41.704,4.65,False,HYD - CCU
6F033,IndiGo,DEL,HYD,2026-04-18 07:08:41.701,2026-04-18 09:08:41.701,2.0,False,DEL - HYD
6F244,IndiGo,MAA,CCU,2026-04-18 07:07:41.704,2026-04-18 08:31:41.704,1.4,False,MAA - CCU
UK137,Vistara,BOM,MAA,2026-04-18 07:04:41.703,2026-04-18 09:14:41.703,2.17,False,BOM - MAA
AI063,Air India,HYD,BLR,2026-04-18 07:03:41.701,2026-04-18 11:26:41.701,4.38,False,HYD - BLR
SJ156,SpiceJet,BOM,DEL,2026-04-18 06:59:41.703,2026-04-18 07:34:41.703,0.58,False,BOM - DEL
UK125,Vistara,HYD,BOM,2026-04-18 06:58:41.702,2026-04-18 11:44:41.702,4.77,False,HYD - BOM
AI232,Air India,DEL,BLR,2026-04-18 06:43:41.704,2026-04-18 10:13:41.704,3.5,False,DEL - BLR
AI167,Air India,BLR,DEL,2026-04-18 06:43:41.703,2026-04-18 11:10:41.703,4.45,False,BLR - DEL
UK160,Vistara,BLR,BOM,2026-04-18 06:42:41.703,2026-04-18 10:58:41.703,4.27,False,BLR - BOM
UK129,Vistara,HYD,MAA,2026-04-18 06:29:41.702,2026-04-18 07:29:42.000,1.0,False,HYD - MAA
SJ230,SpiceJet,BOM,CCU,2026-04-18 06:22:41.704,2026-04-18 10:57:41.704,4.58,False,BOM - CCU
SJ056,SpiceJet,HYD,DEL,2026-04-18 06:11:41.701,2026-04-18 07:10:41.701,0.98,False,HYD - DEL
SJ137,SpiceJet,CCU,DEL,2026-04-18 06:08:41.702,2026-04-18 10:14:41.702,4.1,False,CCU - DEL
6F081,IndiGo,MAA,BLR,2026-04-18 06:04:41.702,2026-04-18 07:43:41.702,1.65,False,MAA - BLR
6F088,IndiGo,CCU,BLR,2026-04-18 05:51:41.702,2026-04-18 08:22:41.702,2.52,False,CCU - BLR
6F121,IndiGo,HYD,MAA,2026-04-18 05:44:41.702,2026-04-18 10:42:41.702,4.97,False,HYD - MAA
UK214,Vistara,HYD,DEL,2026-04-18 05:30:41.704,2026-04-18 09:10:41.704,3.67,False,HYD - DEL
6F060,IndiGo,DEL,BLR,2026-04-18 05:29:41.701,2026-04-18 07:29:42.000,2.0,False,DEL - BLR
SJ101,SpiceJet,CCU,DEL,2026-04-18 05:17:41.702,2026-04-18 06:57:41.702,1.67,False,CCU - DEL
AI017,Air India,CCU,BOM,2026-04-18 05:15:41.701,2026-04-18 08:48:41.701,3.55,False,CCU - BOM
6F120,IndiGo,BLR,BOM,2026-04-18 05:14:41.702,2026-04-18 06:14:41.702,1.0,False,BLR - BOM
6F217,IndiGo,BLR,BOM,2026-04-18 05:13:41.704,2026-04-18 08:01:41.704,2.8,False,BLR - BOM
AI194,Air India,MAA,BLR,2026-04-18 05:09:41.703,2026-04-18 09:38:41.703,4.48,False,MAA - BLR
AI095,Air India,DEL,MAA,2026-04-18 05:00:41.702,2026-04-18 08:18:41.702,3.3,False,DEL - MAA
SJ190,SpiceJet,BOM,CCU,2026-04-18 04:57:41.703,2026-04-18 09:25:41.703,4.47,False,BOM - CCU
6F139,IndiGo,HYD,MAA,2026-04-18 04:55:41.702,2026-04-18 08:17:41.702,3.37,False,HYD - MAA
6F062,IndiGo,CCU,DEL,2026-04-18 04:55:41.701,2026-04-18 06:22:41.701,1.45,False,CCU - DEL
UK011,Vistara,CCU,DEL,2026-04-18 04:41:41.701,2026-04-18 06:25:41.701,1.73,False,CCU - DEL
6F100,IndiGo,BOM,BLR,2026-04-18 04:40:41.702,2026-04-18 07:49:41.702,3.15,False,BOM - BLR
6F228,IndiGo,HYD,MAA,2026-04-18 04:36:41.704,2026-04-18 09:27:41.704,4.85,False,HYD - MAA
UK033,Vistara,HYD,DEL,2026-04-18 04:34:41.701,2026-04-18 09:18:41.701,4.73,False,HYD - DEL
SJ231,SpiceJet,DEL,BLR,2026-04-18 04:23:41.704,2026-04-18 05:48:41.704,1.42,False,DEL - BLR
AI166,Air India,BOM,CCU,2026-04-18 04:20:41.703,2026-04-18 07:23:41.703,3.05,False,BOM - CCU
SJ176,SpiceJet,DEL,BOM,2026-04-18 04:15:41.703,2026-04-18 06:17:41.703,2.03,False,DEL - BOM
SJ065,SpiceJet,MAA,BLR,2026-04-18 04:10:41.701,2026-04-18 06:54:41.701,2.73,False,MAA - BLR
6F160,IndiGo,MAA,BLR,2026-04-18 04:09:41.703,2026-04-18 08:26:41.703,4.28,False,MAA - BLR
AI089,Air India,CCU,BOM,2026-04-18 04:05:41.702,2026-04-18 04:47:41.702,0.7,False,CCU - BOM
UK226,Vistara,MAA,HYD,2026-04-18 03:58:41.704,2026-04-18 05:01:41.704,1.05,False,MAA - HYD
SJ123,SpiceJet,BOM,CCU,2026-04-18 03:57:41.702,2026-04-18 05:25:41.702,1.47,False,BOM - CCU
AI054,Air India,HYD,CCU,2026-04-18 03:44:41.701,2026-04-18 08:10:41.701,4.43,False,HYD - CCU
UK019,Vistara,BOM,HYD,2026-04-18 03:41:41.701,2026-04-18 04:35:41.701,0.9,False,BOM - HYD
UK032,Vistara,BLR,BOM,2026-04-18 03:31:41.701,2026-04-18 07:28:41.701,3.95,False,BLR - BOM
SJ100,SpiceJet,MAA,BLR,2026-04-18 03:28:41.702,2026-04-18 06:50:41.702,3.37,False,MAA - BLR
SJ094,SpiceJet,MAA,HYD,2026-04-18 03:23:41.702,2026-04-18 08:07:41.702,4.73,False,MAA - HYD
6F101,IndiGo,BOM,MAA,2026-04-18 03:18:41.702,2026-04-18 08:15:41.702,4.95,False,BOM - MAA
6F006,IndiGo,BOM,BLR,2026-04-18 03:06:41.701,2026-04-18 05:06:42.000,2.0,False,BOM - BLR
AI006,Air India,BOM,BLR,2026-04-18 03:04:41.701,2026-04-18 05:54:41.701,2.83,False,BOM - BLR
AI195,Air India,CCU,MAA,2026-04-18 02:58:41.703,2026-04-18 04:57:41.703,1.98,False,CCU - MAA
UK072,Vistara,BOM,BLR,2026-04-18 02:55:41.702,2026-04-18 05:55:42.000,3.0,False,BOM - BLR
AI244,Air India,BLR,BOM,2026-04-18 02:50:41.704,2026-04-18 03:25:41.704,0.58,False,BLR - BOM
SJ059,SpiceJet,CCU,DEL,2026-04-18 02:50:41.701,2026-04-18 04:06:41.701,1.27,False,CCU - DEL
SJ009,SpiceJet,CCU,BLR,2026-04-18 02:48:41.701,2026-04-18 04:23:41.701,1.58,False,CCU - BLR
AI121,Air India,HYD,MAA,2026-04-18 02:42:41.702,2026-04-18 06:11:41.702,3.48,False,HYD - MAA
6F265,IndiGo,DEL,HYD,2026-04-18 02:27:41.703,2026-04-18 03:24:41.703,0.95,False,DEL - HYD
6F110,IndiGo,HYD,DEL,2026-04-18 02:27:41.702,2026-04-18 05:48:41.702,3.35,False,HYD - DEL
UK018,Vistara,BOM,CCU,2026-04-18 02:15:41.701,2026-04-18 04:08:41.701,1.88,False,BOM - CCU
6F072,IndiGo,BLR,CCU,2026-04-18 02:14:41.702,2026-04-18 03:11:41.702,0.95,False,BLR - CCU
6F159,IndiGo,CCU,BOM,2026-04-18 02:08:41.703,2026-04-18 02:43:41.703,0.58,False,CCU - BOM
6F095,IndiGo,BLR,MAA,2026-04-18 01:53:41.702,2026-04-18 05:34:41.702,3.68,False,BLR - MAA
SJ129,SpiceJet,CCU,BOM,2026-04-18 01:48:41.702,2026-04-18 05:48:41.702,4.0,False,CCU - BOM
UK039,Vistara,HYD,BOM,2026-04-18 01:40:41.701,2026-04-18 02:53:41.701,1.22,False,HYD - BOM
6F130,IndiGo,DEL,HYD,2026-04-18 01:27:41.702,2026-04-18 02:45:41.702,1.3,False,DEL - HYD
6F247,IndiGo,DEL,HYD,2026-04-18 01:27:41.702,2026-04-18 02:45:41.702,1.3,False,DEL - HYD
SJ233,SpiceJet,DEL,HYD,2026-04-18 01:18:41.704,2026-04-18 02:56:41.704,1.63,False,DEL - HYD
6F231,IndiGo,HYD,MAA,2026-04-18 01:16:41.704,2026-04-18 05:43:41.704,4.45,False,HYD - MAA
AI125,Air India,CCU,DEL,2026-04-18 01:12:41.702,2026-04-18 04:51:41.702,3.65,False,CCU - DEL
6F102,IndiGo,HYD,MAA,2026-04-18 01:10:41.702,2026-04-18 02:24:41.702,1.23,False,HYD - MAA
UK078,Vistara,BOM,HYD,2026-04-18 01:03:41.702,2026-04-18 04:32:41.702,3.48,False,BOM - HYD
UK043,Vistara,DEL,HYD,2026-04-18 00:48:41.701,2026-04-18 04:52:41.701,4.07,False,DEL - HYD
AI144,Air India,MAA,BOM,2026-04-18 00:43:41.702,2026-04-18 03:36:41.702,2.88,False,MAA - BOM
UK054,Vistara,BLR,BOM,2026-04-18 00:37:41.701,2026-04-18 05:30:41.701,4.88,False,BLR - BOM
UK108,Vistara,DEL,BLR,2026-04-18 00:28:41.702,2026-04-18 03:46:41.702,3.3,False,DEL - BLR
6F008,IndiGo,DEL,BOM,2026-04-18 00:14:41.701,2026-04-18 04:59:41.701,4.75,False,DEL - BOM
6F106,IndiGo,BOM,CCU,2026-04-18 00:10:41.702,2026-04-18 01:52:41.702,1.7,False,BOM - CCU
AI203,Air India,BOM,CCU,2026-04-18 00:09:41.703,2026-04-18 02:56:41.703,2.78,False,BOM - CCU
AI065,Air India,MAA,BLR,2026-04-18 00:09:41.701,2026-04-18 05:00:41.701,4.85,False,MAA - BLR
UK053,Vistara,BLR,BOM,2026-04-17 23:56:41.701,2026-04-18 02:46:41.701,2.83,True,BLR - BOM
UK086,Vistara,CCU,BLR,2026-04-17 23:55:41.702,2026-04-18 02:27:41.702,2.53,True,CCU - BLR
SJ223,SpiceJet,HYD,MAA,2026-04-17 23:54:41.703,2026-04-18 01:08:41.703,1.23,True,HYD - MAA
6F069,IndiGo,MAA,BLR,2026-04-17 23:44:41.701,2026-04-18 03:17:41.701,3.55,True,MAA - BLR
6F032,IndiGo,DEL,BOM,2026-04-17 23:43:41.701,2026-04-18 02:22:41.701,2.65,True,DEL - BOM
UK178,Vistara,DEL,BLR,2026-04-17 23:41:41.703,2026-04-18 04:09:41.703,4.47,True,DEL - BLR
6F108,IndiGo,DEL,HYD,2026-04-17 23:41:41.702,2026-04-18 03:23:41.702,3.7,True,DEL - HYD
UK147,Vistara,CCU,DEL,2026-04-17 23:35:41.703,2026-04-18 02:55:41.703,3.33,True,CCU - DEL
AI187,Air India,BLR,HYD,2026-04-17 23:32:41.703,2026-04-18 01:16:41.703,1.73,True,BLR - HYD
UK213,Vistara,BOM,CCU,2026-04-17 23:21:41.704,2026-04-18 01:01:41.704,1.67,True,BOM - CCU
AI035,Air India,DEL,MAA,2026-04-17 23:17:41.701,2026-04-18 00:48:41.701,1.52,True,DEL - MAA
UK186,Vistara,BOM,BLR,2026-04-17 23:05:41.703,2026-04-18 02:22:41.703,3.28,True,BOM - BLR
6F045,IndiGo,BOM,HYD,2026-04-17 23:04:41.701,2026-04-18 03:38:41.701,4.57,True,BOM - HYD
UK025,Vistara,DEL,BOM,2026-04-17 22:55:41.701,2026-04-18 02:47:41.701,3.87,True,DEL - BOM
UK162,Vistara,BOM,CCU,2026-04-17 22:47:41.703,2026-04-18 00:21:41.703,1.57,True,BOM - CCU
AI157,Air India,BLR,CCU,2026-04-17 22:45:41.703,2026-04-18 01:33:41.703,2.8,True,BLR - CCU
6F096,IndiGo,MAA,BLR,2026-04-17 22:45:41.702,2026-04-18 02:58:41.702,4.22,True,MAA - BLR
SJ229,SpiceJet,CCU,DEL,2026-04-17 22:25:41.704,2026-04-18 00:27:41.704,2.03,True,CCU - DEL
AI214,Air India,CCU,DEL,2026-04-17 22:23:41.703,2026-04-18 02:49:41.703,4.43,True,CCU - DEL
6F205,IndiGo,HYD,BOM,2026-04-17 22:16:41.703,2026-04-18 00:02:41.703,1.77,True,HYD - BOM
SJ157,SpiceJet,DEL,HYD,2026-04-17 22:11:41.703,2026-04-18 01:05:41.703,2.9,True,DEL - HYD
UK114,Vistara,HYD,CCU,2026-04-17 22:10:41.702,2026-04-17 23:58:41.702,1.8,False,HYD - CCU
6F054,IndiGo,HYD,BLR,2026-04-17 22:00:41.701,2026-04-18 01:25:41.701,3.42,True,HYD - BLR
6F216,IndiGo,BLR,DEL,2026-04-17 21:58:41.704,2026-04-18 02:51:41.704,4.88,True,BLR - DEL
AI231,Air India,DEL,HYD,2026-04-17 21:52:41.704,2026-04-17 23:51:41.704,1.98,False,DEL - HYD
UK103,Vistara,MAA,DEL,2026-04-17 21:52:41.702,2026-04-18 01:06:41.702,3.23,True,MAA - DEL
AI066,Air India,HYD,MAA,2026-04-17 21:51:41.701,2026-04-18 00:11:41.701,2.33,True,HYD - MAA
6F186,IndiGo,HYD,BOM,2026-04-17 21:48:41.703,2026-04-18 02:02:41.703,4.23,True,HYD - BOM
AI021,Air India,DEL,HYD,2026-04-17 21:39:41.701,2026-04-18 01:38:41.701,3.98,True,DEL - HYD
AI113,Air India,CCU,HYD,2026-04-17 21:21:41.702,2026-04-17 23:51:41.702,2.5,False,CCU - HYD
SJ031,SpiceJet,DEL,BOM,2026-04-17 21:20:41.701,2026-04-17 22:29:41.701,1.15,False,DEL - BOM
UK217,Vistara,MAA,CCU,2026-04-17 21:19:41.704,2026-04-17 22:14:41.704,0.92,False,MAA - CCU
SJ120,SpiceJet,MAA,BLR,2026-04-17 21:19:41.702,2026-04-18 00:56:41.702,3.62,True,MAA - BLR
UK180,Vistara,CCU,MAA,2026-04-17 21:18:41.703,2026-04-17 23:29:41.703,2.18,False,CCU - MAA
6F242,IndiGo,BLR,MAA,2026-04-17 21:10:41.704,2026-04-18 01:04:41.704,3.9,True,BLR - MAA
UK080,Vistara,BLR,MAA,2026-04-17 21:09:41.702,2026-04-17 22:29:41.702,1.33,False,BLR - MAA
SJ124,SpiceJet,HYD,DEL,2026-04-17 21:05:41.702,2026-04-18 01:12:41.702,4.12,True,HYD - DEL
SJ115,SpiceJet,BOM,HYD,2026-04-17 21:05:41.702,2026-04-17 23:10:41.702,2.08,False,BOM - HYD
AI081,Air India,CCU,BOM,2026-04-17 21:03:41.702,2026-04-17 22:51:41.702,1.8,False,CCU - BOM
AI142,Air India,BOM,DEL,2026-04-17 20:49:41.702,2026-04-17 23:03:41.702,2.23,False,BOM - DEL
UK052,Vistara,BLR,CCU,2026-04-17 20:48:41.701,2026-04-17 21:40:41.701,0.87,False,BLR - CCU
UK014,Vistara,HYD,MAA,2026-04-17 20:41:41.701,2026-04-17 22:06:41.701,1.42,False,HYD - MAA
AI230,Air India,CCU,BLR,2026-04-17 20:37:41.704,2026-04-18 00:22:41.704,3.75,True,CCU - BLR
6F268,IndiGo,DEL,MAA,2026-04-17 20:29:41.701,2026-04-17 21:58:41.701,1.48,False,DEL - MAA
AI124,Air India,CCU,HYD,2026-04-17 20:28:41.702,2026-04-18 00:00:41.702,3.53,True,CCU - HYD
6F082,IndiGo,BOM,BLR,2026-04-17 20:26:41.702,2026-04-17 22:26:41.702,2.0,False,BOM - BLR
SJ035,SpiceJet,CCU,DEL,2026-04-17 20:15:41.701,2026-04-17 21:15:42.000,1.0,False,CCU - DEL
SJ095,SpiceJet,DEL,MAA,2026-04-17 20:09:41.702,2026-04-17 23:13:41.702,3.07,False,DEL - MAA
UK230,Vistara,BLR,BOM,2026-04-17 20:02:41.704,2026-04-17 21:35:41.704,1.55,False,BLR - BOM
UK171,Vistara,HYD,CCU,2026-04-17 19:59:41.703,2026-04-17 22:53:41.703,2.9,False,HYD - CCU
6F147,IndiGo,HYD,MAA,2026-04-17 19:57:41.703,2026-04-18 00:31:41.703,4.57,True,HYD - MAA
SJ212,SpiceJet,MAA,BLR,2026-04-17 19:49:41.703,2026-04-17 21:44:41.703,1.92,False,MAA - BLR
6F080,IndiGo,HYD,MAA,2026-04-17 19:47:41.702,2026-04-17 23:13:41.702,3.43,False,HYD - MAA
UK049,Vistara,HYD,BOM,2026-04-17 19:47:41.701,2026-04-17 20:32:41.701,0.75,False,HYD - BOM
AI152,Air India,BLR,CCU,2026-04-17 19:21:41.703,2026-04-17 20:26:41.703,1.08,False,BLR - CCU
AI162,Air India,MAA,DEL,2026-04-17 19:20:41.703,2026-04-17 22:40:41.703,3.33,False,MAA - DEL
SJ037,SpiceJet,BLR,BOM,2026-04-17 19:14:41.701,2026-04-17 22:31:41.701,3.28,False,BLR - BOM
AI172,Air India,BOM,CCU,2026-04-17 19:08:41.703,2026-04-17 19:53:41.703,0.75,False,BOM - CCU
UK205,Vistara,HYD,MAA,2026-04-17 18:57:41.703,2026-04-17 21:46:41.703,2.82,False,HYD - MAA
AI199,Air India,HYD,DEL,2026-04-17 18:47:41.703,2026-04-17 22:26:41.703,3.65,False,HYD - DEL
6F241,IndiGo,DEL,HYD,2026-04-17 18:27:41.704,2026-04-17 19:02:41.704,0.58,False,DEL - HYD
SJ041,SpiceJet,CCU,HYD,2026-04-17 18:24:41.701,2026-04-17 22:59:41.701,4.58,False,CCU - HYD
AI064,Air India,BLR,MAA,2026-04-17 18:24:41.701,2026-04-17 20:07:41.701,1.72,False,BLR - MAA
UK169,Vistara,HYD,DEL,2026-04-17 18:12:41.703,2026-04-17 23:01:41.703,4.82,False,HYD - DEL
UK144,Vistara,BOM,CCU,2026-04-17 18:07:41.703,2026-04-17 20:59:41.703,2.87,False,BOM - CCU
AI118,Air India,HYD,MAA,2026-04-17 17:50:41.702,2026-04-17 19:59:41.702,2.15,False,HYD - MAA
SJ145,SpiceJet,BLR,HYD,2026-04-17 17:41:41.702,2026-04-17 20:38:41.702,2.95,False,BLR - HYD
SJ077,SpiceJet,BLR,MAA,2026-04-17 17:32:41.701,2026-04-17 19:40:41.701,2.13,False,BLR - MAA
AI126,Air India,MAA,HYD,2026-04-17 17:26:41.702,2026-04-17 20:48:41.702,3.37,False,MAA - HYD
SJ033,SpiceJet,HYD,DEL,2026-04-17 17:26:41.701,2026-04-17 18:51:41.701,1.42,False,HYD - DEL
SJ180,SpiceJet,HYD,CCU,2026-04-17 17:12:41.703,2026-04-17 22:00:41.703,4.8,False,HYD - CCU
6F183,IndiGo,MAA,HYD,2026-04-17 17:08:41.703,2026-04-17 19:52:41.703,2.73,False,MAA - HYD
AI145,Air India,DEL,BOM,2026-04-17 17:06:41.702,2026-04-17 21:31:41.702,4.42,False,DEL - BOM
6F089,IndiGo,DEL,HYD,2026-04-17 17:06:41.702,2026-04-17 19:10:41.702,2.07,False,DEL - HYD
6F207,IndiGo,BOM,HYD,2026-04-17 16:59:41.703,2026-04-17 21:00:41.703,4.02,False,BOM - HYD
AI229,Air India,HYD,MAA,2026-04-17 16:48:41.703,2026-04-17 18:40:41.703,1.87,False,HYD - MAA
6F223,IndiGo,MAA,BLR,2026-04-17 16:47:41.704,2026-04-17 17:21:41.704,0.57,False,MAA - BLR
6F116,IndiGo,MAA,CCU,2026-04-17 16:43:41.702,2026-04-17 19:02:41.702,2.32,False,MAA - CCU
SJ240,SpiceJet,BOM,HYD,2026-04-17 16:42:41.704,2026-04-17 20:21:41.704,3.65,False,BOM - HYD
SJ184,SpiceJet,CCU,DEL,2026-04-17 16:32:41.703,2026-04-17 21:00:41.703,4.47,False,CCU - DEL
AI087,Air India,MAA,DEL,2026-04-17 16:32:41.702,2026-04-17 20:30:41.702,3.97,False,MAA - DEL
UK148,Vistara,HYD,BOM,2026-04-17 16:31:41.703,2026-04-17 18:43:41.703,2.2,False,HYD - BOM
AI210,Air India,BLR,BOM,2026-04-17 16:13:41.703,2026-04-17 18:50:41.703,2.62,False,BLR - BOM
6F093,IndiGo,CCU,DEL,2026-04-17 16:09:41.702,2026-04-17 20:00:41.702,3.85,False,CCU - DEL
SJ080,SpiceJet,CCU,MAA,2026-04-17 16:04:41.702,2026-04-17 17:59:41.702,1.92,False,CCU - MAA
SJ005,SpiceJet,DEL,MAA,2026-04-17 16:03:41.701,2026-04-17 17:24:41.701,1.35,False,DEL - MAA
6F040,IndiGo,HYD,CCU,2026-04-17 15:52:41.701,2026-04-17 20:33:41.701,4.68,False,HYD - CCU
AI212,Air India,DEL,CCU,2026-04-17 15:31:41.703,2026-04-17 20:13:41.703,4.7,False,DEL - CCU
AI154,Air India,HYD,MAA,2026-04-17 15:25:41.703,2026-04-17 19:16:41.703,3.85,False,HYD - MAA
6F239,IndiGo,CCU,BOM,2026-04-17 15:24:41.704,2026-04-17 17:37:41.704,2.22,False,CCU - BOM
UK199,Vistara,BOM,CCU,2026-04-17 15:24:41.703,2026-04-17 18:55:41.703,3.52,False,BOM - CCU
6F218,IndiGo,BLR,BOM,2026-04-17 15:16:41.704,2026-04-17 19:03:41.704,3.78,False,BLR - BOM
6F011,IndiGo,MAA,BLR,2026-04-17 15:16:41.701,2026-04-17 17:16:42.000,2.0,False,MAA - BLR
UK106,Vistara,BOM,CCU,2026-04-17 15:12:41.702,2026-04-17 17:23:41.702,2.18,False,BOM - CCU
UK030,Vistara,CCU,DEL,2026-04-17 15:11:41.701,2026-04-17 19:38:41.701,4.45,False,CCU - DEL
6F090,IndiGo,HYD,BLR,2026-04-17 15:10:41.702,2026-04-17 19:22:41.702,4.2,False,HYD - BLR
AI184,Air India,BOM,CCU,2026-04-17 15:03:41.703,2026-04-17 17:03:42.000,2.0,False,BOM - CCU
SJ232,SpiceJet,MAA,BLR,2026-04-17 15:02:41.704,2026-04-17 19:22:41.704,4.33,False,MAA - BLR
AI153,Air India,BOM,CCU,2026-04-17 15:02:41.703,2026-04-17 16:30:41.703,1.47,False,BOM - CCU
UK101,Vistara,DEL,HYD,2026-04-17 15:00:41.702,2026-04-17 17:43:41.702,2.72,False,DEL - HYD
6F200,IndiGo,HYD,DEL,2026-04-17 14:54:41.703,2026-04-17 19:41:41.703,4.78,False,HYD - DEL
6F162,IndiGo,CCU,BOM,2026-04-17 14:50:41.703,2026-04-17 17:44:41.703,2.9,False,CCU - BOM
SJ197,SpiceJet,HYD,BLR,2026-04-17 14:49:41.703,2026-04-17 17:33:41.703,2.73,False,HYD - BLR
AI174,Air India,DEL,CCU,2026-04-17 14:45:41.703,2026-04-17 17:01:41.703,2.27,False,DEL - CCU
UK090,Vistara,HYD,MAA,2026-04-17 14:44:41.702,2026-04-17 17:24:41.702,2.67,False,HYD - MAA
UK124,Vistara,MAA,BLR,2026-04-17 14:35:41.702,2026-04-17 17:09:41.702,2.57,False,MAA - BLR
AI239,Air India,BOM,HYD,2026-04-17 14:33:41.704,2026-04-17 17:47:41.704,3.23,False,BOM - HYD
UK002,Vistara,CCU,MAA,2026-04-17 14:28:41.700,2026-04-17 19:20:41.700,4.87,False,CCU - MAA
SJ055,SpiceJet,HYD,MAA,2026-04-17 14:17:41.701,2026-04-17 17:56:41.701,3.65,False,HYD - MAA
UK132,Vistara,BOM,DEL,2026-04-17 14:12:41.702,2026-04-17 16:19:41.702,2.12,False,BOM - DEL
6F002,IndiGo,BLR,MAA,2026-04-17 14:11:41.700,2026-04-17 17:34:41.700,3.38,False,BLR - MAA
UK005,Vistara,BOM,MAA,2026-04-17 14:02:41.701,2026-04-17 18:14:41.701,4.2,False,BOM - MAA
6F258,IndiGo,BOM,DEL,2026-04-17 13:54:41.703,2026-04-17 16:49:41.703,2.92,False,BOM - DEL
SJ244,SpiceJet,BLR,DEL,2026-04-17 13:51:41.704,2026-04-17 15:39:41.704,1.8,False,BLR - DEL
AI075,Air India,CCU,DEL,2026-04-17 13:51:41.702,2026-04-17 16:49:41.702,2.97,False,CCU - DEL
AI160,Air India,MAA,DEL,2026-04-17 13:41:41.703,2026-04-17 17:01:41.703,3.33,False,MAA - DEL
UK091,Vistara,CCU,BOM,2026-04-17 13:37:41.702,2026-04-17 17:31:41.702,3.9,False,CCU - BOM
UK195,Vistara,HYD,BOM,2026-04-17 13:35:41.703,2026-04-17 16:35:41.703,3.0,False,HYD - BOM
6F044,IndiGo,DEL,HYD,2026-04-17 13:25:41.701,2026-04-17 17:36:41.701,4.18,False,DEL - HYD
6F248,IndiGo,DEL,HYD,2026-04-17 13:25:41.701,2026-04-17 17:36:41.701,4.18,False,DEL - HYD
6F204,IndiGo,DEL,CCU,2026-04-17 13:23:41.703,2026-04-17 16:04:41.703,2.68,False,DEL - CCU
SJ092,SpiceJet,BLR,MAA,2026-04-17 13:19:41.702,2026-04-17 17:56:41.702,4.62,False,BLR - MAA
AI119,Air India,MAA,BLR,2026-04-17 13:15:41.702,2026-04-17 15:57:41.702,2.7,False,MAA - BLR
AI151,Air India,MAA,HYD,2026-04-17 13:14:41.703,2026-04-17 14:10:41.703,0.93,False,MAA - HYD
UK107,Vistara,HYD,BOM,2026-04-17 13:09:41.702,2026-04-17 14:25:41.702,1.27,False,HYD - BOM
SJ019,SpiceJet,BLR,DEL,2026-04-17 13:07:41.701,2026-04-17 15:56:41.701,2.82,False,BLR - DEL
AI052,Air India,CCU,MAA,2026-04-17 13:06:41.701,2026-04-17 15:42:41.701,2.6,False,CCU - MAA
SJ177,SpiceJet,BOM,CCU,2026-04-17 13:04:41.703,2026-04-17 17:37:41.703,4.55,False,BOM - CCU
6F215,IndiGo,DEL,BLR,2026-04-17 13:00:41.703,2026-04-17 17:30:41.703,4.5,False,DEL - BLR
AI223,Air India,BOM,CCU,2026-04-17 12:53:41.703,2026-04-17 14:42:41.703,1.82,False,BOM - CCU
SJ069,SpiceJet,HYD,BLR,2026-04-17 12:53:41.701,2026-04-17 14:17:41.701,1.4,False,HYD - BLR
6F198,IndiGo,HYD,BLR,2026-04-17 12:40:41.703,2026-04-17 17:39:41.703,4.98,False,HYD - BLR
AI093,Air India,BOM,BLR,2026-04-17 12:35:41.702,2026-04-17 17:28:41.702,4.88,False,BOM - BLR
UK062,Vistara,HYD,DEL,2026-04-17 12:33:41.701,2026-04-17 15:35:41.701,3.03,False,HYD - DEL
6F057,IndiGo,MAA,DEL,2026-04-17 12:32:41.701,2026-04-17 15:50:41.701,3.3,False,MAA - DEL
UK064,Vistara,BOM,DEL,2026-04-17 12:25:41.701,2026-04-17 14:55:41.701,2.5,False,BOM - DEL
