passenger_id,first_name,last_name,age,gender,email,phone,aadhaar_id,date_of_birth
P1000,Vivaan,Chatterjee,52,F,v***,******3790,********6001,1974-04-08
P1001,Krishna,Reddy,15,M,k***,******2297,********2654,2011-03-07
P1002,Myra,Naidu,72,M,m***,******5092,********8161,1954-09-10
P1003,Myra,Mishra,61,F,m***,******7151,********6475,1965-03-12
P1004,Saanvi,Banerjee,21,M,s***,******5113,********6483,2005-11-11
P1005,Reyansh,Joshi,83,M,r***,******3818,********3767,1943-03-09
P1006,Kavya,Nair,87,M,k***,******5830,********3287,1939-02-25
P1007,Sara,Joshi,75,M,s***,******2119,********8480,1951-11-24
P1008,Kavya,Pillai,75,M,k***,******6600,********8281,1951-11-10
P1009,Sai,Kulkarni,88,M,s***,******9919,********0154,1938-04-02
P1010,Sai,Agarwal,24,M,s***,******9690,********4896,2002-04-18
P1011,Sara,Naidu,3,M,s***,******4718,********5098,2023-04-19
P1012,Arjun,Patel,22,M,a***,******8245,********4738,2004-03-24
P1013,Sara,Iyer,53,M,s***,******6298,********6701,1973-01-13
P1014,Anika,Banerjee,2,F,a***,******2705,********7317,2024-09-04
P1015,Aadhya,Verma,88,F,a***,******0141,********2606,1938-05-26
P1016,Vivaan,Naidu,30,M,v***,******0826,********8050,1996-01-19
P1017,Reyansh,Chatterjee,38,F,r***,******3976,********1939,1988-10-02
P1018,Ira,Ghosh,2,F,i***,******9320,********4624,2024-08-11
P1019,Diya,Patel,64,M,d***,******0329,********2513,1962-06-10
P1020,Ananya,Khan,60,M,a***,******6828,********2411,1966-12-18
P1021,Kavya,Naidu,21,M,k***,******3494,********0164,2005-01-01
P1022,Shaurya,Joshi,33,F,s***,******5277,********1280,1993-06-19
P1023,Aditya,Patel,76,F,a***,******9973,********1586,1950-10-24
P1024,Vivaan,Sharma,58,M,v***,******4941,********2160,1968-08-08
P1025,Aarav,Chatterjee,22,M,a***,******2872,********1458,2004-07-22
P1026,Ira,Ghosh,89,M,i***,******5852,********6556,1937-10-17
P1027,Reyansh,Banerjee,49,F,r***,******6699,********5615,1977-10-11
P1028,Aadhya,Mishra,59,F,a***,******8647,********6629,1967-10-10
P1029,Diya,Ghosh,42,F,d***,******3245,********7387,1984-12-06
P1030,Aditya,Kulkarni,60,F,a***,******2378,********0037,1966-10-28
P1031,Shaurya,Patel,80,M,s***,******2643,********1632,1946-12-17
P1032,Kavya,Gupta,15,M,k***,******9918,********5798,2011-07-27
P1033,Aadhya,Kulkarni,62,M,a***,******4498,********4714,1964-04-09
P1034,Ishaan,Iyer,62,M,i***,******4033,********6658,1964-08-14
P1034,Ishaan,Iyer,62,M,i***,******0083,********5466,1964-09-24
P1035,Vivaan,Ghosh,47,F,v***,******2414,********2729,1979-09-01
P1036,Riya,Reddy,62,F,r***,******7896,********3755,1964-07-09
P1037,Muhammad,Ghosh,51,M,m***,******8772,********0033,1975-01-20
P1038,Ira,Patel,55,M,i***,******8741,********9912,1971-05-04
P1039,Shaurya,Agarwal,64,F,s***,******1542,********4919,1962-01-12
P1040,Muhammad,Joshi,3,M,m***,******3128,********6572,2023-07-06
P1041,Shaurya,Gupta,51,F,s***,******0848,********1473,1975-08-19
P1042,Arjun,Kulkarni,7,M,a***,******3124,********5494,2019-09-01
P1043,Arjun,Reddy,21,M,a***,******6217,********0143,2005-07-23
P1044,Sai,Iyer,73,M,s***,******1644,********5574,1953-05-09
P1045,Kavya,Reddy,39,M,k***,******3159,********4989,1987-05-04
P1046,Saanvi,Sharma,18,M,s***,******8191,********0842,2008-11-28
P1047,Ishaan,Chatterjee,4,M,i***,******9872,********4711,2022-07-16
P1048,Sai,Mishra,89,M,s***,******5636,********9993,1937-09-13
P1049,Aadhya,Joshi,60,F,a***,******0490,********3341,1966-03-08
P1050,Aarav,Das,14,F,a***,******5622,********4471,2012-11-08
P1051,Aadhya,Chatterjee,9,F,a***,******9494,********2499,2017-05-15
P1052,Sai,Khan,53,F,s***,******2365,********9065,1973-10-09
P1053,Myra,Banerjee,2,F,m***,******5719,********8742,2024-10-14
P1054,Muhammad,Patel,84,M,m***,******9821,********7468,1942-01-15
P1055,Ishaan,Chatterjee,60,M,i***,******1200,********0385,1966-10-25
P1056,Saanvi,Das,71,F,s***,******3628,********1093,1955-12-06
P1057,Ishaan,Gupta,44,M,i***,******5437,********4846,1982-08-16
P1058,Diya,Mehta,8,F,d***,******6368,********6584,2018-01-10
P1059,Ishaan,Banerjee,47,F,i***,******3112,********7533,1979-10-13
P1060,Riya,Singh,35,M,r***,******5930,********8951,1991-08-04
P1061,Sai,Ghosh,78,M,s***,******9358,********6158,1948-07-11
P1062,Aarav,Singh,81,M,a***,******2051,********7240,1945-01-11
P1063,Shaurya,Mishra,36,F,s***,******7084,********2219,1990-07-20
P1064,Kavya,Kulkarni,50,M,k***,******0204,********4821,1976-08-12
P1065,Ishaan,Kulkarni,4,F,i***,******5206,********3695,2022-10-10
P1066,Riya,Singh,2,F,r***,******6046,********3953,2024-11-07
P1067,Reyansh,Pillai,6,F,r***,******4047,********2145,2020-12-14
P1068,Sai,Banerjee,54,M,s***,******5500,********4517,1972-02-05
P1069,Krishna,Nair,4,M,k***,******9401,********7549,2022-07-27
P1070,Ira,Sharma,54,F,i***,******0232,********1746,1972-02-05
P1071,Saanvi,Ghosh,63,M,s***,******8977,********5869,1963-12-24
P1072,Krishna,Banerjee,18,M,k***,******7037,********7735,2008-02-22
P1073,Ananya,Pillai,44,M,a***,******5165,********0053,1982-03-26
P1074,Riya,Patel,34,F,r***,******9588,********0422,1992-09-09
P1075,Krishna,Khan,74,F,k***,******5235,********2402,1952-12-14
P1076,Kavya,Joshi,62,M,k***,******1998,********8390,1964-12-26
P1077,Myra,Singh,14,F,m***,******9409,********1159,2012-03-03
P1078,Reyansh,Reddy,48,M,r***,******5806,********8961,1978-12-04
P1079,Diya,Mishra,15,M,d***,******4080,********5654,2011-06-05
P1080,Shaurya,Chatterjee,72,M,s***,******1867,********9885,1954-11-04
P1081,Kavya,Ghosh,78,M,k***,******3943,********8327,1948-04-28
P1082,Sai,Joshi,87,F,s***,******5504,********9809,1939-11-27
P1083,Arjun,Banerjee,62,F,a***,******0285,********6120,1964-02-24
P1084,Aditya,Patel,40,F,a***,******5666,********9102,1986-03-25
P1085,Diya,Naidu,85,M,d***,******8399,********4381,1941-06-14
P1086,Vivaan,Chatterjee,80,M,v***,******0915,********0034,1946-04-25
P1087,Vivaan,Sharma,82,M,v***,******1488,********8388,1944-11-26
P1088,Ira,Chatterjee,53,F,i***,******1920,********9664,1973-02-13
P1089,Ishaan,Mishra,24,M,i***,******7422,********9681,2002-07-28
P1090,Vivaan,Reddy,26,F,v***,******1187,********5523,2000-02-05
P1091,Ira,Sharma,89,F,i***,******3158,********7995,1937-11-11
P1092,Reyansh,Verma,60,F,r***,******1814,********1477,1966-01-02
P1093,Anika,Pillai,41,F,a***,******9284,********0793,1985-06-20
P1094,Kavya,Agarwal,29,F,k***,******6383,********7788,1997-10-06
P1095,Anika,Verma,15,F,a***,******4671,********1864,2011-05-24
P1096,Myra,Agarwal,45,M,m***,******4766,********1486,1981-11-26
P1097,Shaurya,Mehta,65,M,s***,******2005,********2357,1961-04-08
P1098,Reyansh,Chatterjee,89,F,r***,******5381,********2962,1937-03-06
P1099,Vivaan,Agarwal,71,F,v***,******4348,********7383,1955-05-26
P1100,Muhammad,Joshi,9,M,m***,******6219,********2392,2017-05-02
P1101,Shaurya,Agarwal,88,F,s***,******3590,********8261,1938-04-27
P1102,Myra,Kulkarni,1,F,m***,******6900,********5305,2025-02-27
P1102,Myra,Kulkarni,1,F,m***,******6438,********1043,2025-03-18
P1103,Ishaan,Banerjee,8,M,i***,******5981,********7117,2018-10-18
P1104,Vivaan,Verma,88,F,v***,******1100,********6218,1938-06-03
P1104,Vivaan,Verma,88,F,v***,******6503,********5319,1938-12-25
P1104,Vivaan,Verma,88,F,v***,******5080,********1704,1938-04-02
P1105,Muhammad,Singh,63,F,m***,******8427,********4505,1963-05-04
P1106,Sara,Nair,11,F,s***,******0110,********4161,2015-07-20
P1107,Anika,Joshi,81,M,a***,******8148,********2757,1945-01-24
P1108,Ishaan,Kulkarni,8,M,i***,******1573,********9702,2018-02-08
P1108,IshaanKulkarni,,8,M,i***,******6777,********1928,2018-06-13
P1109,Vivaan,Chatterjee,35,M,v***,******8471,********4473,1991-10-10
P1110,Ira,Khan,35,F,i***,******0929,********1884,1991-05-28
P1111,Krishna,Sharma,33,F,k***,******5000,********0589,1993-06-15
P1112,Sara,Mishra,5,M,s***,******4545,********9125,2021-11-03
P1113,Anika,Pillai,41,F,a***,******1466,********8018,1985-03-10
P1114,Anika,Sharma,28,F,a***,******4337,********4249,1998-09-03
P1115,Sara,Singh,7,F,s***,******9477,********0109,2019-05-21
P1116,Vivaan,Ghosh,73,F,v***,******8866,********4710,1953-03-15
P1117,Aarav,Pillai,72,F,a***,******0974,********2588,1954-02-11
P1118,Vivaan,Reddy,12,M,v***,******6899,********9632,2014-06-19
P1119,Aditya,Joshi,34,F,a***,******5339,********1687,1992-04-07
P1120,Aarav,Ghosh,33,M,a***,******6275,********1624,1993-12-12
P1121,Riya,Gupta,48,F,r***,******8655,********1687,1978-09-09
P1122,Ananya,Verma,23,M,a***,******1258,********9868,2003-01-02
P1123,Sara,Khan,62,F,s***,******3410,********5952,1964-07-20
P1124,Myra,Verma,88,M,m***,******5317,********5169,1938-05-26
P1125,Reyansh,Reddy,37,F,r***,******1130,********9623,1989-01-19
P1126,Ira,Gupta,44,M,i***,******3847,********9702,1982-09-07
P1127,Myra,Singh,86,F,m***,******0614,********8549,1940-08-07
P1128,Diya,Patel,35,M,d***,******0979,********5844,1991-02-19
P1129,Vivaan,Joshi,65,F,v***,******5992,********4733,1961-09-09
P1130,Shaurya,Sharma,47,M,s***,******5716,********3016,1979-06-23
P1131,Shaurya,Banerjee,78,M,s***,******4323,********4540,1948-02-21
P1132,Ishaan,Banerjee,3,F,i***,******5376,********4004,2023-10-20
P1133,Sai,Banerjee,1,F,s***,******5745,********3152,2025-12-15
P1134,Ira,Verma,5,M,i***,******2787,********8516,2021-11-04
P1135,Shaurya,Banerjee,14,F,s***,******2437,********5499,2012-01-09
P1136,Aadhya,Verma,27,M,a***,******5490,********4593,1999-04-05
P1137,Aditya,Iyer,9,M,a***,******9624,********9187,2017-09-23
P1138,Saanvi,Mehta,79,M,s***,******1555,********2587,1947-02-22
P1139,Aarav,Agarwal,15,F,a***,******7841,********9087,2011-11-26
P1140,Shaurya,Singh,42,M,s***,******6690,********1801,1984-08-02
P1140,Shaurya,Singh,42,M,s***,******3475,********8251,1984-03-18
P1141,Sai,Kulkarni,77,M,s***,******1720,********6337,1949-06-05
P1141,SaiKulkarni,,77,M,s***,******8534,********1907,1949-10-22
P1142,Saanvi,Naidu,51,F,s***,******9930,********8439,1975-06-19
P1143,Arjun,Nair,63,F,a***,******3770,********8926,1963-09-16
P1144,Aadhya,Mehta,52,F,a***,******5362,********2873,1974-04-10
P1145,Ananya,Pillai,4,F,a***,******3231,********4351,2022-08-28
P1146,Krishna,Khan,23,M,k***,******4276,********3983,2003-08-07
P1147,Reyansh,Pillai,15,M,r***,******4447,********3854,2011-07-15
P1148,Muhammad,Chatterjee,43,M,m***,******5907,********3556,1983-01-19
P1149,Ishaan,Nair,29,M,i***,******5986,********5369,1997-04-16
P1150,Anika,Agarwal,36,F,a***,******2498,********7280,1990-09-02
P1151,Krishna,Sharma,13,M,k***,******2588,********8750,2013-10-21
P1152,Diya,Joshi,32,M,d***,******1168,********8484,1994-01-17
P1153,Ira,Kulkarni,71,F,i***,******8010,********5461,1955-06-13
P1154,Myra,Chatterjee,59,M,m***,******1792,********8700,1967-12-06
P1155,Diya,Naidu,86,M,d***,******6941,********7401,1940-11-09
P1156,Reyansh,Mehta,28,M,r***,******0427,********2939,1998-07-22
P1157,Arjun,Agarwal,66,M,a***,******1733,********1599,1960-10-13
P1158,Muhammad,Joshi,42,M,m***,******4334,********2961,1984-10-10
P1159,Arjun,Banerjee,45,M,a***,******7644,********1047,1981-06-25
P1160,Ananya,Joshi,62,F,a***,******8314,********1015,1964-09-03
P1161,Krishna,Agarwal,57,F,k***,******6070,********8262,1969-03-09
P1162,Reyansh,Reddy,6,M,r***,******7801,********1543,2020-12-21
P1163,Anika,Naidu,28,M,a***,******5191,********5756,1998-11-20
P1164,Sara,Kulkarni,28,F,s***,******1586,********7935,1998-07-09
P1165,Ira,Singh,44,M,i***,******6118,********3741,1982-07-22
P1166,Krishna,Banerjee,84,M,k***,******9397,********9796,1942-09-17
P1167,Riya,Mehta,30,M,r***,******0118,********9096,1996-06-26
P1168,Myra,Agarwal,62,F,m***,******5589,********3756,1964-08-25
P1169,Krishna,Reddy,75,M,k***,******5910,********5457,1951-04-17
P1170,Aditya,Mehta,89,F,a***,******5626,********0512,1937-12-08
P1171,Ishaan,Banerjee,62,M,i***,******9167,********2660,1964-12-20
P1172,Sara,Banerjee,1,F,s***,******3300,********1825,2025-06-07
P1173,Aadhya,Mehta,27,F,a***,******9808,********1557,1999-10-06
P1174,Shaurya,Naidu,62,M,s***,******2704,********2866,1964-10-05
P1175,Muhammad,Mishra,77,F,m***,******4434,********2257,1949-10-02
P1176,Riya,Patel,3,M,r***,******4871,********6772,2023-02-19
P1177,Reyansh,Patel,70,F,r***,******9152,********7881,1956-10-04
P1178,Kavya,Naidu,72,M,k***,******4641,********0745,1954-02-15
P1178,Kavyanaidu,,72,M,k***,******4965,********3095,1954-09-09
P1179,Sai,Naidu,27,M,s***,******0416,********0422,1999-04-05
P1180,Anika,Gupta,9,F,a***,******6034,********1168,2017-12-09
P1181,Shaurya,Chatterjee,62,M,s***,******3772,********6363,1964-08-09
P1182,Aarav,Das,37,M,a***,******1837,********1701,1989-03-15
P1183,Shaurya,Pillai,51,F,s***,******6003,********1520,1975-07-21
P1184,Shaurya,Singh,44,M,s***,******3210,********3870,1982-01-23
P1185,Aditya,Kulkarni,24,M,a***,******6129,********5542,2002-07-25
P1186,Sara,Mishra,79,F,s***,******6403,********2697,1947-04-03
P1187,Aditya,Das,59,F,a***,******2366,********4138,1967-10-20
P1188,Ananya,Agarwal,32,M,a***,******2291,********4037,1994-07-04
P1189,Aditya,Mehta,88,M,a***,******5687,********9658,1938-11-06
P1190,Aarav,Ghosh,52,F,a***,******0106,********8486,1974-07-23
P1191,Aditya,Mishra,62,F,a***,******1674,********8328,1964-06-13
P1192,Aarav,Iyer,58,M,a***,******1955,********9904,1968-11-24
P1193,Ira,Das,52,F,i***,******8909,********2524,1974-12-04
P1194,Ananya,Das,12,M,a***,******5455,********7850,2014-08-28
P1195,Aditya,Das,39,M,a***,******1749,********0030,1987-08-12
P1196,Shaurya,Patel,2,M,s***,******7835,********4195,2024-02-17
P1197,Krishna,Nair,3,M,k***,******3129,********1870,2023-06-07
P1198,Kavya,Naidu,56,M,k***,******3665,********3206,1970-01-08
P1199,Aditya,Pillai,81,F,a***,******7348,********3670,1945-03-23
P1200,Saanvi,Kulkarni,59,F,s***,******7549,********8261,1967-10-19
P1201,Myra,Reddy,2,F,m***,******3744,********7431,2024-04-05
P1202,Aarav,Mishra,2,F,a***,******0811,********5374,2024-08-09
P1203,Aadhya,Nair,54,M,a***,******8221,********5680,1972-11-10
P1204,Shaurya,Sharma,87,M,s***,******4137,********2100,1939-04-05
P1205,Sai,Naidu,1,M,s***,******9381,********7215,2025-02-02
P1206,Diya,Banerjee,19,M,d***,******7032,********5324,2007-05-15
P1207,Sai,Ghosh,2,F,s***,******1912,********0146,2024-03-14
P1208,Aarav,Joshi,53,M,a***,******7364,********9856,1973-05-06
P1209,Arjun,Mishra,44,M,a***,******8802,********3213,1982-11-08
P1210,Saanvi,Sharma,32,F,s***,******2140,********5590,1994-12-23
P1211,Ishaan,Agarwal,70,F,i***,******3564,********0393,1956-01-17
P1212,Shaurya,Joshi,32,F,s***,******6659,********2921,1994-09-28
P1213,Sai,Pillai,68,F,s***,******0044,********6752,1958-12-18
P1214,Riya,Mishra,55,M,r***,******9130,********9690,1971-03-20
P1215,Ira,Naidu,75,M,i***,******5488,********5215,1951-08-01
P1216,Riya,Sharma,56,F,r***,******2460,********6267,1970-07-12
P1216,Riya,Sharma,56,F,r***,******8082,********0541,1970-02-11
P1217,Krishna,Iyer,17,M,k***,******9884,********6296,2009-03-02
P1218,Ira,Iyer,38,M,i***,******8138,********1069,1988-09-27
P1219,Muhammad,Nair,24,M,m***,******4142,********1032,2002-11-10
P1220,Shaurya,Singh,69,F,s***,******6766,********2565,1957-03-15
P1221,Diya,Nair,70,M,d***,******7680,********1586,1956-10-08
P1222,Muhammad,Verma,86,F,m***,******2006,********1608,1940-10-17
P1223,Sara,Das,11,M,s***,******1674,********1632,2015-10-09
P1224,Aadhya,Ghosh,16,M,a***,******5007,********0998,2010-07-04
P1225,Muhammad,Gupta,73,M,m***,******8258,********8564,1953-07-21
P1226,Kavya,Chatterjee,59,F,k***,******8456,********6530,1967-12-16
P1227,Aadhya,Reddy,70,M,a***,******4902,********4754,1956-12-14
P1228,Anika,Iyer,80,F,a***,******4412,********2148,1946-07-05
P1229,Arjun,Das,3,F,a***,******9068,********3457,2023-09-13
P1230,Kavya,Mehta,20,F,k***,******9054,********5524,2006-12-27
P1231,Riya,Das,59,M,r***,******4736,********4680,1967-11-01
P1232,Ishaan,Kulkarni,36,M,i***,******9916,********6657,1990-05-07
P1233,Ishaan,Agarwal,19,M,i***,******3833,********8994,2007-05-22
P1234,Ananya,Banerjee,67,M,a***,******4512,********8309,1959-07-22
P1235,Arjun,Ghosh,19,F,a***,******1936,********9935,2007-12-23
P1236,Myra,Sharma,20,F,m***,******3281,********7248,2006-03-22
P1236,MyraSharma,,20,F,m***,******2889,********4717,2006-01-28
P1237,Ishaan,Kulkarni,71,F,i***,******2021,********2235,1955-07-19
P1238,Ishaan,Mishra,52,M,i***,******4150,********7432,1974-10-25
P1239,Ananya,Singh,33,F,a***,******3786,********6008,1993-04-24
P1240,Anika,Ghosh,40,M,a***,******3716,********2168,1986-10-10
P1241,Aadhya,Chatterjee,39,F,a***,******5578,********6257,1987-06-25
P1242,Ishaan,Nair,82,M,i***,******7294,********8215,1944-12-21
P1243,Aadhya,Chatterjee,1,M,a***,******9531,********0167,2025-07-04
P1244,Saanvi,Singh,11,F,s***,******9184,********9926,2015-02-17
P1245,Arjun,Chatterjee,57,F,a***,******4082,********3564,1969-03-02
P1246,Ira,Iyer,89,F,i***,******9714,********7218,1937-02-24
P1247,Arjun,Agarwal,50,F,a***,******1361,********0455,1976-07-24
P1248,Saanvi,Gupta,23,M,s***,******5345,********4155,2003-03-04
P1249,Kavya,Pillai,31,F,k***,******4687,********2169,1995-08-26
P1250,Arjun,Singh,42,F,a***,******7041,********1670,1984-02-09
P1251,Aarav,Pillai,7,F,a***,******4312,********1637,2019-06-22
P1252,Aadhya,Agarwal,16,M,a***,******0851,********2175,2010-04-11
P1252,Aadhya,Agarwal,16,M,a***,******1226,********9717,2010-08-11
P1253,Aditya,Mishra,60,M,a***,******4244,********1994,1966-09-18
P1254,Muhammad,Khan,2,F,m***,******9408,********7571,2024-02-25
P1255,Aadhya,Chatterjee,1,M,a***,******9415,********7261,2025-05-20
P1256,Krishna,Mehta,48,F,k***,******9816,********9177,1978-11-19
P1257,Ishaan,Banerjee,12,M,i***,******3177,********2922,2014-02-13
P1258,Diya,Pillai,69,M,d***,******4117,********7226,1957-10-23
P1259,Reyansh,Pillai,37,M,r***,******3780,********5228,1989-09-23
P1260,Ananya,Mishra,32,M,a***,******5967,********6081,1994-01-13
P1261,Saanvi,Nair,9,F,s***,******9947,********4380,2017-06-27
P1262,Vivaan,Ghosh,19,F,v***,******1819,********6665,2007-09-02
P1263,Riya,Das,48,F,r***,******3243,********3472,1978-11-03
P1264,Anika,Ghosh,80,M,a***,******5590,********2294,1946-01-11
P1265,Aarav,Nair,3,F,a***,******5885,********8515,2023-09-08
P1266,Aditya,Kulkarni,20,F,a***,******8354,********3355,2006-06-10
P1267,Saanvi,Khan,24,F,s***,******8525,********0561,2002-07-09
P1268,Krishna,Kulkarni,54,M,k***,******7569,********3581,1972-02-06
P1269,Aarav,Verma,33,M,a***,******4268,********1207,1993-12-11
P1270,Reyansh,Nair,24,M,r***,******9475,********6676,2002-07-11
P1271,Muhammad,Pillai,75,F,m***,******9013,********5814,1951-11-10
P1272,Sai,Chatterjee,72,F,s***,******7050,********2684,1954-11-05
P1273,Kavya,Banerjee,36,F,k***,******2445,********6881,1990-05-07
P1274,Sara,Ghosh,38,M,s***,******4388,********1290,1988-09-15
P1275,Anika,Iyer,84,M,a***,******5927,********2314,1942-10-03
P1276,Kavya,Mishra,89,F,k***,******9527,********5562,1937-01-11
P1277,Sai,Mishra,25,M,s***,******7990,********5478,2001-02-06
P1278,Aditya,Naidu,18,M,a***,******9071,********0996,2008-10-07
P1279,Ira,Reddy,82,M,i***,******5743,********2788,1944-02-13
P1280,Anika,Pillai,66,M,a***,******5609,********9927,1960-06-02
P1281,Krishna,Joshi,54,F,k***,******9570,********6770,1972-01-21
P1282,Kavya,Chatterjee,35,M,k***,******1043,********6591,1991-09-09
P1283,Sara,Mishra,80,M,s***,******9982,********2723,1946-02-17
P1284,Vivaan,Mishra,61,M,v***,******9410,********1777,1965-04-19
P1285,Riya,Agarwal,41,M,r***,******1254,********0920,1985-03-09
P1286,Aditya,Mishra,33,F,a***,******5234,********7236,1993-10-05
P1287,Ishaan,Kulkarni,68,F,i***,******8506,********3662,1958-02-01
P1288,Riya,Khan,33,M,r***,******2850,********8811,1993-08-22
P1289,Reyansh,Reddy,14,M,r***,******0779,********7659,2012-12-25
P1290,Aditya,Mishra,21,M,a***,******5760,********6430,2005-12-24
P1291,Anika,Verma,48,M,a***,******0039,********6944,1978-09-14
P1292,Myra,Ghosh,20,M,m***,******1875,********5887,2006-05-10
P1293,Aditya,Reddy,8,M,a***,******4997,********8658,2018-10-23
P1294,Ira,Naidu,7,F,i***,******6891,********4351,2019-10-02
P1295,Muhammad,Agarwal,67,M,m***,******0529,********3843,1959-01-26
P1296,Aarav,Joshi,17,F,a***,******5221,********6566,2009-10-07
P1297,Anika,Khan,33,F,a***,******7770,********4393,1993-08-13
P1298,Ananya,Kulkarni,48,M,a***,******2052,********5184,1978-09-27
P1299,Aadhya,Mishra,76,F,a***,******2835,********9071,1950-05-03
P1300,Vivaan,Agarwal,59,F,v***,******9775,********3416,1967-11-24
P1301,Reyansh,Patel,86,F,r***,******5137,********3733,1940-12-08
P1302,Arjun,Kulkarni,22,F,a***,******9712,********7908,2004-01-28
P1303,Ira,Nair,30,F,i***,******6631,********6392,1996-01-17
P1304,Myra,Khan,38,F,m***,******5164,********7500,1988-11-07
P1305,Shaurya,Kulkarni,51,M,s***,******4459,********7955,1975-03-16
P1306,Shaurya,Verma,54,F,s***,******7617,********9314,1972-04-18
P1307,Aadhya,Iyer,8,F,a***,******1278,********8857,2018-05-09
P1308,Sai,Mishra,27,F,s***,******0790,********5455,1999-09-18
P1309,Ananya,Agarwal,27,M,a***,******8026,********2455,1999-11-17
P1310,Aarav,Singh,21,F,a***,******9438,********9961,2005-02-06
P1311,Anika,Joshi,30,M,a***,******8800,********9876,1996-03-06
P1312,Sara,Verma,28,F,s***,******9680,********1780,1998-01-25
P1313,Aarav,Nair,64,M,a***,******2272,********4722,1962-09-27
P1314,Anika,Joshi,69,M,a***,******7372,********2829,1957-10-15
P1315,Kavya,Agarwal,61,F,k***,******0684,********4564,1965-03-10
P1316,Aadhya,Khan,48,F,a***,******6534,********4064,1978-10-08
P1317,Ananya,Chatterjee,19,M,a***,******6546,********3416,2007-11-08
P1318,Shaurya,Ghosh,4,F,s***,******9440,********1797,2022-05-23
P1319,Kavya,Chatterjee,35,M,k***,******7382,********4427,1991-12-01
P1320,Arjun,Gupta,64,M,a***,******5387,********7051,1962-03-02
P1321,Anika,Kulkarni,49,M,a***,******8733,********3673,1977-12-02
P1322,Krishna,Iyer,17,M,k***,******6822,********0881,2009-05-16
P1323,Shaurya,Verma,44,M,s***,******5172,********4916,1982-04-01
P1324,Saanvi,Naidu,30,F,s***,******0893,********9500,1996-06-21
P1325,Ananya,Banerjee,46,M,a***,******6204,********6524,1980-01-16
P1326,Anika,Kulkarni,6,M,a***,******6272,********4982,2020-02-17
P1327,Anika,Joshi,37,F,a***,******6097,********0959,1989-04-11
P1328,Aditya,Das,24,M,a***,******0775,********5118,2002-11-03
P1329,Arjun,Sharma,46,F,a***,******1951,********6789,1980-12-19
P1330,Myra,Agarwal,53,F,m***,******9637,********0586,1973-06-26
P1331,Aadhya,Naidu,60,F,a***,******1793,********3863,1966-04-17
P1331,Aadhya,Naidu,60,F,a***,******2642,********2286,1966-09-11
P1332,Kavya,Joshi,63,M,k***,******5093,********3983,1963-07-25
P1333,Kavya,Sharma,85,M,k***,******6226,********8240,1941-05-08
P1334,Myra,Iyer,32,M,m***,******1671,********0752,1994-03-09
P1335,Aadhya,Pillai,87,F,a***,******5561,********5727,1939-12-23
P1336,Arjun,Iyer,33,M,a***,******4632,********6613,1993-12-21
P1337,Vivaan,Chatterjee,67,F,v***,******1093,********2583,1959-03-02
P1338,Aarav,Naidu,18,M,a***,******6009,********2251,2008-08-19
P1339,Shaurya,Gupta,25,F,s***,******9481,********3769,2001-04-18
P1340,Anika,Chatterjee,54,M,a***,******3853,********6553,1972-06-12
P1341,Riya,Das,58,M,r***,******8998,********0335,1968-03-25
P1342,Reyansh,Nair,67,M,r***,******9729,********4770,1959-06-07
P1343,Ira,Das,46,F,i***,******0034,********6980,1980-05-06
P1344,Aarav,Reddy,24,F,a***,******5749,********5104,2002-11-13
P1345,Aarav,Das,32,M,a***,******1020,********8780,1994-01-08
P1346,Anika,Mishra,47,M,a***,******7668,********3840,1979-11-09
P1347,Ananya,Khan,86,F,a***,******1587,********8936,1940-04-19
P1348,Shaurya,Naidu,23,F,s***,******8436,********8324,2003-12-23
P1349,Myra,Nair,66,F,m***,******8017,********2520,1960-06-14
P1350,Diya,Verma,27,M,d***,******2443,********9499,1999-10-08
P1351,Arjun,Khan,2,F,a***,******0275,********5267,2024-08-05
P1352,Sai,Gupta,17,M,s***,******8848,********1279,2009-08-23
P1353,Ishaan,Kulkarni,33,F,i***,******2130,********9988,1993-11-23
P1354,Ira,Naidu,9,M,i***,******2105,********6803,2017-05-15
P1355,Ishaan,Iyer,43,F,i***,******9364,********2771,1983-12-17
P1356,Ananya,Reddy,48,F,a***,******6197,********2793,1978-08-03
P1357,Aditya,Verma,39,F,a***,******5930,********6892,1987-07-18
P1358,Ishaan,Banerjee,42,F,i***,******3247,********6447,1984-05-21
P1359,Anika,Chatterjee,26,F,a***,******3318,********8097,2000-04-07
P1360,Diya,Verma,50,M,d***,******7988,********4983,1976-01-06
P1361,Anika,Patel,25,F,a***,******0705,********1016,2001-03-06
P1362,Aditya,Ghosh,24,F,a***,******5267,********1681,2002-05-16
P1363,Sara,Iyer,13,F,s***,******1941,********0198,2013-02-16
P1364,Aarav,Ghosh,60,M,a***,******5314,********9978,1966-12-21
P1365,Anika,Das,7,F,a***,******2309,********7139,2019-07-14
P1366,Myra,Gupta,57,M,m***,******3873,********4885,1969-01-04
P1367,Reyansh,Das,36,F,r***,******4727,********7027,1990-03-21
P1368,Myra,Pillai,45,F,m***,******3456,********0395,1981-06-03
P1369,Myra,Joshi,20,M,m***,******1933,********9145,2006-12-02
P1370,Myra,Nair,65,F,m***,******8413,********2150,1961-04-03
P1371,Diya,Joshi,8,M,d***,******6858,********5218,2018-11-05
P1372,Arjun,Nair,16,M,a***,******3074,********5701,2010-09-25
P1373,Sara,Patel,14,F,s***,******0147,********5714,2012-03-06
P1374,Aditya,Verma,76,M,a***,******1768,********5424,1950-10-08
P1375,Krishna,Sharma,87,F,k***,******9109,********0160,1939-02-14
P1376,Krishna,Iyer,15,F,k***,******1801,********8179,2011-03-03
P1377,Shaurya,Nair,66,M,s***,******9779,********5625,1960-06-15
P1378,Aditya,Iyer,32,M,a***,******5347,********9928,1994-02-13
P1379,Kavya,Sharma,87,M,k***,******1367,********9382,1939-08-13
P1380,Reyansh,Khan,63,M,r***,******4003,********1971,1963-10-20
P1381,Vivaan,Mehta,86,F,v***,******0884,********9657,1940-11-22
P1382,Anika,Iyer,51,F,a***,******8861,********6997,1975-04-07
P1383,Arjun,Nair,25,M,a***,******9631,********6240,2001-06-18
P1384,Kavya,Khan,58,F,k***,******0739,********6566,1968-07-14
P1385,Reyansh,Das,63,F,r***,******0600,********2422,1963-01-03
P1386,Riya,Gupta,62,F,r***,******2101,********6927,1964-09-14
P1387,Anika,Sharma,22,F,a***,******4285,********3846,2004-09-19
P1388,Reyansh,Das,58,M,r***,******7269,********8478,1968-02-17
P1389,Muhammad,Chatterjee,58,M,m***,******5107,********8077,1968-09-16
P1390,Aarav,Mehta,86,F,a***,******2605,********4079,1940-03-19
P1391,Aadhya,Mishra,49,M,a***,******5231,********4429,1977-05-09
P1392,Riya,Iyer,52,M,r***,******3507,********4372,1974-09-28
P1393,Ishaan,Reddy,42,M,i***,******5378,********2395,1984-01-21
P1394,Sara,Das,70,F,s***,******6358,********6674,1956-03-17
P1395,Riya,Iyer,15,F,r***,******8282,********6945,2011-05-09
P1396,Vivaan,Mishra,54,F,v***,******5747,********2580,1972-11-01
P1397,Ishaan,Patel,60,M,i***,******5005,********3009,1966-02-02
P1398,Krishna,Khan,8,F,k***,******4714,********1244,2018-08-22
P1399,Ananya,Das,53,F,a***,******4585,********6504,1973-05-06
P1400,Shaurya,Agarwal,60,M,s***,******2241,********6391,1966-08-23
P1401,Sai,Mehta,5,F,s***,******1602,********0064,2021-03-23
P1402,Riya,Khan,68,F,r***,******5275,********3067,1958-02-19
P1403,Myra,Ghosh,6,M,m***,******8166,********7432,2020-09-02
P1404,Muhammad,Kulkarni,47,M,m***,******9585,********0309,1979-04-16
P1405,Aditya,Reddy,55,M,a***,******7200,********0506,1971-02-07
P1406,Kavya,Verma,40,F,k***,******0516,********0790,1986-04-23
P1407,Shaurya,Kulkarni,52,F,s***,******0962,********1179,1974-10-08
P1408,Diya,Mishra,16,F,d***,******1077,********3092,2010-06-03
P1408,Diya,mishra,16,F,d***,******1862,********0219,2010-07-25
P1408,Diya,Mishra,16,F,d***,******7347,********7232,2010-11-09
P1409,Aadhya,Singh,13,M,a***,******5269,********1456,2013-01-18
P1410,Sai,Pillai,30,M,s***,******3057,********3403,1996-02-26
P1411,Vivaan,Gupta,19,F,v***,******2492,********4597,2007-01-04
P1412,Riya,Iyer,17,F,r***,******0183,********9563,2009-12-22
P1413,Shaurya,Mehta,63,M,s***,******8338,********3179,1963-08-02
P1413,Shaurya,Mehta,63,M,s***,******5574,********5435,1963-03-02
P1414,Muhammad,Singh,19,M,m***,******6420,********4929,2007-03-19
P1415,Aadhya,Banerjee,58,M,a***,******1105,********0633,1968-06-14
P1416,Reyansh,Iyer,55,M,r***,******9949,********0686,1971-08-26
P1417,Reyansh,Chatterjee,62,F,r***,******8267,********4310,1964-08-22
P1418,Diya,Khan,23,M,d***,******7444,********2570,2003-11-03
P1419,Krishna,Iyer,9,F,k***,******1366,********1950,2017-09-22
P1420,Diya,Pillai,12,F,d***,******9420,********8183,2014-03-11
P1421,Ira,Naidu,1,F,i***,******9673,********6401,2025-06-12
P1422,Shaurya,Gupta,58,M,s***,******7940,********5137,1968-02-03
P1423,Aditya,Gupta,1,M,a***,******7808,********3804,2025-07-22
P1424,Ananya,Nair,34,M,a***,******1530,********3856,1992-10-11
P1425,Aarav,Gupta,48,M,a***,******2501,********2437,1978-06-10
P1426,Shaurya,Iyer,89,F,s***,******0679,********2223,1937-02-02
P1427,Ira,Banerjee,1,M,i***,******0575,********2578,2025-03-18
P1428,Ishaan,Mishra,16,M,i***,******3237,********8547,2010-05-25
P1429,Aadhya,Pillai,61,F,a***,******8383,********1406,1965-10-27
P1430,Anika,Sharma,64,M,a***,******8402,********4301,1962-09-28
P1431,Ishaan,Patel,63,F,i***,******7664,********5626,1963-06-13
P1432,Sai,Chatterjee,69,F,s***,******1007,********6742,1957-12-14
P1433,Reyansh,Naidu,22,F,r***,******3679,********5196,2004-02-01
P1434,Kavya,Reddy,67,F,k***,******1036,********4870,1959-05-27
P1435,Aditya,Pillai,76,F,a***,******6354,********7146,1950-03-16
P1436,Myra,Reddy,26,F,m***,******6091,********6471,2000-06-17
P1437,Krishna,Joshi,16,F,k***,******5934,********2045,2010-07-21
P1438,Reyansh,Banerjee,51,F,r***,******0727,********2855,1975-11-26
P1439,Aditya,Khan,86,M,a***,******9586,********8457,1940-07-11
P1440,Reyansh,Chatterjee,57,M,r***,******2807,********8167,1969-02-04
P1441,Arjun,Khan,29,M,a***,******8782,********2401,1997-04-05
P1442,Aadhya,Nair,78,M,a***,******8648,********7603,1948-02-02
P1443,Sai,Naidu,69,F,s***,******3335,********9393,1957-03-22
P1444,Sai,Gupta,47,M,s***,******3548,********3891,1979-02-27
P1445,Diya,Naidu,62,F,d***,******6278,********8759,1964-03-15
P1446,Ishaan,Pillai,69,M,i***,******7562,********5171,1957-09-05
P1447,Ananya,Mishra,76,M,a***,******9057,********4794,1950-11-27
P1448,Diya,Joshi,16,M,d***,******2662,********0716,2010-08-17
P1449,Diya,Sharma,48,F,d***,******9747,********5396,1978-02-08
P1450,Riya,Khan,85,M,r***,******6778,********7842,1941-08-04
P1451,Arjun,Iyer,39,F,a***,******6306,********0269,1987-11-11
P1452,Aadhya,Naidu,33,F,a***,******1721,********7784,1993-09-11
P1453,Diya,Iyer,23,M,d***,******1073,********7002,2003-09-22
P1454,Vivaan,Ghosh,10,M,v***,******2211,********8897,2016-08-18
P1455,Ira,Iyer,69,M,i***,******6255,********0090,1957-03-27
P1456,Arjun,Verma,34,F,a***,******1370,********6503,1992-04-08
P1457,Arjun,Mishra,52,M,a***,******4998,********0769,1974-09-14
P1458,Vivaan,Khan,10,F,v***,******9721,********9171,2016-12-22
P1459,Krishna,Joshi,19,F,k***,******1273,********7183,2007-05-09
P1460,Kavya,Pillai,58,M,k***,******3155,********4198,1968-08-14
P1461,Reyansh,Verma,1,M,r***,******4560,********6649,2025-09-15
P1462,Reyansh,Kulkarni,69,F,r***,******5163,********9690,1957-09-07
P1463,Vivaan,Gupta,4,F,v***,******8580,********6442,2022-05-22
P1464,Sai,Iyer,16,F,s***,******5238,********7866,2010-11-02
P1465,Vivaan,Chatterjee,24,M,v***,******2240,********0015,2002-10-10
P1466,Aditya,Reddy,80,F,a***,******4548,********8984,1946-08-03
P1467,Ishaan,Sharma,2,M,i***,******7388,********1234,2024-08-14
P1468,Muhammad,Naidu,32,F,m***,******8516,********4257,1994-12-12
P1469,Aadhya,Reddy,84,F,a***,******0377,********5183,1942-08-13
P1469,Aadhya,Reddy,84,F,a***,******7213,********6041,1942-08-16
P1470,Myra,Kulkarni,24,M,m***,******7372,********9857,2002-12-01
P1471,Anika,Iyer,12,F,a***,******5216,********1123,2014-09-23
P1472,Aditya,Singh,50,M,a***,******3177,********4316,1976-06-06
P1473,Vivaan,Singh,35,M,v***,******9807,********7342,1991-01-13
P1474,Shaurya,Sharma,33,F,s***,******6787,********8677,1993-02-08
P1475,Saanvi,Banerjee,33,M,s***,******4943,********3436,1993-03-14
P1476,Vivaan,Mehta,61,M,v***,******2314,********1072,1965-06-23
P1477,Kavya,Mishra,51,F,k***,******8642,********0537,1975-06-20
P1478,Myra,Kulkarni,43,M,m***,******6315,********8092,1983-05-06
P1479,Shaurya,Pillai,12,M,s***,******8244,********1502,2014-08-28
P1480,Diya,Singh,67,M,d***,******1350,********5728,1959-11-21
P1481,Ira,Khan,65,F,i***,******1261,********7617,1961-01-15
P1482,Saanvi,Singh,33,M,s***,******5743,********2284,1993-10-22
P1483,Arjun,Das,40,F,a***,******9237,********1504,1986-11-22
P1484,Kavya,Mishra,74,F,k***,******5178,********7490,1952-06-02
P1485,Sai,Nair,43,M,s***,******5327,********8961,1983-07-09
P1486,Vivaan,Singh,44,M,v***,******3397,********2147,1982-07-24
P1487,Ira,Banerjee,29,M,i***,******0835,********4996,1997-02-25
P1488,Aditya,Verma,13,F,a***,******5517,********3278,2013-11-21
P1489,Ishaan,Mehta,12,M,i***,******9994,********3864,2014-10-02
P1490,Ishaan,Gupta,46,M,i***,******0285,********4549,1980-02-25
P1491,Shaurya,Khan,2,M,s***,******7296,********5977,2024-10-26
P1492,Myra,Agarwal,35,M,m***,******7332,********8006,1991-02-01
P1493,Shaurya,Pillai,87,M,s***,******6279,********4122,1939-01-07
P1494,Krishna,Chatterjee,81,F,k***,******9140,********3147,1945-03-16
P1495,Arjun,Nair,8,F,a***,******6707,********3349,2018-07-02
P1496,Shaurya,Verma,26,M,s***,******4112,********7678,2000-10-24
P1497,Ishaan,Naidu,74,M,i***,******6937,********4671,1952-08-20
P1498,Riya,Singh,34,M,r***,******0428,********3839,1992-11-11
P1499,Myra,Gupta,7,M,m***,******0436,********4172,2019-03-07
P1500,Ananya,Sharma,68,F,a***,******4550,********5452,1958-03-27
P1501,Sai,Joshi,58,M,s***,******1592,********3745,1968-06-25
P1502,Vivaan,Pillai,75,F,v***,******6542,********9918,1951-01-17
P1503,Riya,Verma,29,F,r***,******8019,********1255,1997-03-04
P1504,Riya,Ghosh,36,M,r***,******7987,********4565,1990-11-22
P1505,Myra,Mehta,89,F,m***,******9062,********8507,1937-03-25
P1506,Diya,Ghosh,21,F,d***,******9915,********2908,2005-05-14
P1507,Ananya,Khan,36,F,a***,******9532,********7389,1990-10-21
P1508,Shaurya,Reddy,10,F,s***,******6978,********2884,2016-04-03
P1509,Ananya,Banerjee,73,M,a***,******0124,********4681,1953-12-02
P1510,Diya,Chatterjee,24,M,d***,******4887,********0753,2002-12-19
P1511,Ishaan,Joshi,64,F,i***,******1636,********5893,1962-06-15
P1512,Reyansh,Nair,49,M,r***,******8082,********3715,1977-11-17
P1513,Myra,Kulkarni,36,M,m***,******8961,********8277,1990-03-23
P1514,Aditya,Kulkarni,82,M,a***,******2242,********9611,1944-06-19
P1515,Ishaan,Iyer,24,M,i***,******8067,********0229,2002-07-02
P1516,Reyansh,Banerjee,23,M,r***,******8831,********6794,2003-10-15
P1517,Arjun,Verma,62,F,a***,******1691,********5199,1964-07-13
P1518,Ira,Kulkarni,37,M,i***,******6201,********4818,1989-02-07
P1519,Aditya,Verma,12,M,a***,******5241,********0433,2014-12-27
P1520,Ira,Khan,55,M,i***,******0036,********5626,1971-01-28
P1521,Krishna,Verma,13,M,k***,******1168,********2412,2013-05-14
P1522,Reyansh,Singh,23,F,r***,******7964,********2654,2003-07-27
P1523,Krishna,Verma,89,F,k***,******6560,********1405,1937-08-18
P1524,Kavya,Banerjee,30,F,k***,******5201,********3824,1996-10-14
P1525,Kavya,Ghosh,17,F,k***,******3973,********6870,2009-01-27
P1526,Saanvi,Singh,62,M,s***,******6599,********5398,1964-05-02
P1527,Ananya,Mehta,84,F,a***,******7973,********9855,1942-11-09
P1528,Diya,Sharma,89,M,d***,******3487,********0970,1937-01-22
P1529,Kavya,Singh,86,M,k***,******5664,********1569,1940-06-13
P1530,Riya,Patel,13,M,r***,******4179,********5319,2013-11-10
P1531,Reyansh,Sharma,59,M,r***,******3017,********6149,1967-09-16
P1532,Diya,Banerjee,19,M,d***,******6105,********2493,2007-09-24
P1533,Aditya,Verma,49,F,a***,******4104,********0566,1977-05-04
P1534,Ananya,Pillai,12,F,a***,******9301,********7506,2014-04-11
P1535,Arjun,Pillai,61,F,a***,******4663,********1107,1965-07-26
P1536,Riya,Nair,19,F,r***,******5123,********3199,2007-08-25
P1537,Reyansh,Joshi,76,M,r***,******6156,********0704,1950-10-21
P1538,Aditya,Mehta,9,F,a***,******6534,********6399,2017-01-15
P1539,Anika,Nair,71,M,a***,******1568,********5931,1955-02-01
P1540,Kavya,Khan,28,F,k***,******7029,********9723,1998-03-26
P1541,Sai,Banerjee,78,M,s***,******6167,********2274,1948-10-11
P1542,Sai,Kulkarni,52,M,s***,******7810,********6533,1974-11-07
P1542,Sai,Kulkarni,52,M,s***,******8997,********4652,1974-02-15
P1543,Saanvi,Naidu,83,F,s***,******5271,********5636,1943-03-27
P1544,Vivaan,Naidu,16,M,v***,******1558,********3950,2010-01-07
P1545,Saanvi,Reddy,69,M,s***,******8502,********0241,1957-01-27
P1546,Aadhya,Kulkarni,12,F,a***,******0442,********2896,2014-12-03
P1547,Anika,Iyer,25,M,a***,******9719,********3099,2001-04-28
P1548,Saanvi,Nair,52,F,s***,******3439,********7317,1974-11-20
P1549,Vivaan,Banerjee,85,F,v***,******9914,********5877,1941-08-09
P1550,Ira,Agarwal,53,F,i***,******0666,********3466,1973-10-06
P1551,Arjun,Agarwal,23,M,a***,******0686,********9078,2003-10-11
P1552,Ananya,Patel,16,M,a***,******9048,********2734,2010-11-03
P1553,Anika,Khan,57,M,a***,******6101,********1508,1969-04-11
P1554,Diya,Mishra,39,F,d***,******0847,********4456,1987-07-27
P1555,Saanvi,Joshi,53,M,s***,******0427,********8987,1973-12-27
P1556,Myra,Ghosh,42,F,m***,******2143,********8052,1984-10-28
P1557,Anika,Kulkarni,58,F,a***,******2155,********8459,1968-01-19
P1558,Diya,Joshi,39,M,d***,******4710,********6186,1987-04-16
P1559,Aditya,Khan,14,F,a***,******2082,********9702,2012-04-03
P1560,Muhammad,Joshi,5,M,m***,******5169,********0256,2021-07-06
P1561,Aditya,Nair,35,M,a***,******2047,********6729,1991-10-10
P1562,Diya,Kulkarni,87,M,d***,******8440,********9385,1939-10-16
P1563,Aarav,Pillai,75,M,a***,******7836,********2632,1951-10-24
P1564,Saanvi,Chatterjee,18,M,s***,******0888,********8413,2008-08-14
P1565,Vivaan,Naidu,76,F,v***,******3044,********3807,1950-01-03
P1566,Vivaan,Singh,9,F,v***,******9657,********5777,2017-02-03
P1567,Sara,Mehta,74,F,s***,******2339,********1241,1952-09-24
P1568,Shaurya,Iyer,58,M,s***,******6581,********8370,1968-11-26
P1569,Muhammad,Nair,17,M,m***,******3299,********3533,2009-02-01
P1570,Ananya,Reddy,7,M,a***,******3640,********6815,2019-06-18
P1571,Diya,Joshi,46,F,d***,******8793,********2065,1980-01-13
P1572,Sara,Banerjee,13,M,s***,******6489,********4971,2013-12-18
P1573,Ishaan,Singh,40,F,i***,******8677,********7150,1986-10-19
P1574,Shaurya,Mehta,42,F,s***,******0142,********4363,1984-10-03
P1575,Ananya,Mishra,9,M,a***,******1680,********9752,2017-05-11
P1576,Ira,Naidu,50,M,i***,******4545,********0339,1976-07-17
P1577,Shaurya,Joshi,27,F,s***,******1389,********2129,1999-09-27
P1578,Shaurya,Singh,66,M,s***,******2967,********2934,1960-05-19
P1579,Kavya,Nair,5,F,k***,******8293,********6896,2021-03-27
P1580,Krishna,Iyer,29,M,k***,******5357,********2467,1997-05-15
P1581,Shaurya,Mishra,37,M,s***,******5485,********3008,1989-12-24
P1582,Kavya,Pillai,38,F,k***,******7896,********6016,1988-10-06
P1583,Sara,Mishra,83,M,s***,******1636,********3705,1943-11-23
P1584,Ananya,Iyer,8,F,a***,******1699,********0116,2018-07-23
P1585,Saanvi,Gupta,65,M,s***,******4907,********6946,1961-12-28
P1586,Aditya,Banerjee,86,F,a***,******3341,********2701,1940-02-25
P1587,Ira,Mishra,17,F,i***,******6783,********7281,2009-08-19
P1588,Sara,Singh,71,M,s***,******8599,********2141,1955-07-04
P1589,Shaurya,Reddy,89,F,s***,******2830,********4090,1937-02-07
P1590,Vivaan,Naidu,45,M,v***,******8085,********5555,1981-04-12
P1591,Krishna,Mehta,4,M,k***,******1235,********0918,2022-05-23
P1592,Ananya,Reddy,36,M,a***,******3343,********5057,1990-04-20
P1593,Myra,Iyer,70,F,m***,******4928,********9328,1956-10-26
P1594,Diya,Patel,31,F,d***,******0086,********7833,1995-04-06
P1595,Reyansh,Mishra,19,M,r***,******3239,********1287,2007-02-26
P1596,Vivaan,Das,61,M,v***,******5315,********3414,1965-02-04
P1597,Kavya,Agarwal,54,F,k***,******3026,********9040,1972-10-18
P1598,Aadhya,Gupta,39,M,a***,******2797,********6087,1987-06-05
P1599,Ira,Nair,74,M,i***,******1235,********4814,1952-12-19
P1600,Sara,Agarwal,19,F,s***,******9611,********2764,2007-11-28
P1601,Krishna,Naidu,39,M,k***,******9223,********8443,1987-12-28
P1602,Krishna,Sharma,67,F,k***,******6093,********2774,1959-03-07
P1603,Ananya,Gupta,45,M,a***,******2655,********0157,1981-03-02
P1604,Riya,Mishra,13,F,r***,******0229,********7492,2013-11-24
P1605,Anika,Kulkarni,58,M,a***,******2100,********1178,1968-04-01
P1606,Sara,Chatterjee,20,M,s***,******9769,********2151,2006-12-28
P1607,Ira,Sharma,72,F,i***,******0327,********9813,1954-11-04
P1608,Krishna,Verma,61,M,k***,******6605,********2184,1965-01-03
P1609,Vivaan,Mishra,39,F,v***,******9190,********4872,1987-10-16
P1610,Diya,Singh,1,M,d***,******2368,********2432,2025-10-18
P1611,Sai,Banerjee,3,F,s***,******1389,********2671,2023-05-22
P1612,Ananya,Pillai,77,F,a***,******2885,********2625,1949-07-13
P1613,Arjun,Singh,62,F,a***,******1401,********1554,1964-03-28
P1614,Aarav,Reddy,63,F,a***,******0679,********4971,1963-09-12
P1615,Kavya,Patel,25,M,k***,******3965,********5889,2001-07-16
P1615,Kavya,Patel,25,M,k***,******4668,********0539,2001-07-23
P1616,Anika,Kulkarni,56,M,a***,******9715,********4146,1970-06-28
P1617,Reyansh,Ghosh,33,F,r***,******8704,********7068,1993-12-05
P1618,Ishaan,Sharma,38,F,i***,******9375,********8538,1988-11-20
P1619,Ananya,Banerjee,6,F,a***,******0216,********0676,2020-03-12
P1620,Saanvi,Kulkarni,58,M,s***,******8534,********3096,1968-04-10
P1621,Aarav,Singh,44,M,a***,******3646,********4510,1982-06-24
P1622,Riya,Khan,45,M,r***,******6189,********2617,1981-01-05
P1623,Diya,Mehta,32,M,d***,******8862,********1772,1994-03-12
P1624,Riya,Naidu,45,F,r***,******7515,********5023,1981-08-22
P1625,Riya,Patel,61,F,r***,******7658,********2110,1965-03-05
P1626,Arjun,Kulkarni,47,F,a***,******3312,********4471,1979-07-08
P1627,Aditya,Iyer,21,M,a***,******4695,********3718,2005-10-06
P1628,Sara,Verma,80,M,s***,******9407,********0931,1946-01-13
P1629,Kavya,Banerjee,85,M,k***,******9855,********0414,1941-06-09
P1630,Aadhya,Chatterjee,75,F,a***,******0555,********4749,1951-02-14
P1630,Aadhya,Chatterjee,75,F,a***,******4698,********5559,1951-09-20
P1631,Muhammad,Das,36,F,m***,******8840,********1093,1990-04-23
P1632,Ananya,Kulkarni,19,M,a***,******1357,********0236,2007-09-23
P1633,Sara,Verma,20,F,s***,******2419,********0294,2006-12-05
P1634,Riya,Naidu,57,M,r***,******5535,********7868,1969-07-13
P1635,Aarav,Khan,18,M,a***,******3597,********7884,2008-05-28
P1636,Reyansh,Ghosh,47,F,r***,******2698,********4024,1979-03-09
P1637,Aditya,Nair,49,M,a***,******0042,********1842,1977-07-20
P1638,Krishna,Banerjee,14,F,k***,******6139,********9164,2012-11-21
P1639,Diya,Mishra,15,M,d***,******2820,********7365,2011-03-16
P1640,Krishna,Banerjee,31,F,k***,******8680,********0422,1995-07-22
P1641,Myra,Gupta,1,F,m***,******5794,********2091,2025-07-13
P1642,Shaurya,Banerjee,54,F,s***,******4459,********0018,1972-12-27
P1643,Muhammad,Das,3,M,m***,******1211,********2308,2023-12-09
P1644,Diya,Iyer,16,M,d***,******1813,********0303,2010-07-13
P1645,Aditya,Singh,87,F,a***,******2376,********1451,1939-10-11
P1646,Ananya,Gupta,57,F,a***,******7929,********2624,1969-10-27
P1647,Anika,Nair,75,M,a***,******6005,********5267,1951-12-26
P1648,Arjun,Agarwal,12,M,a***,******8953,********6557,2014-07-16
P1649,Aditya,Joshi,74,M,a***,******3965,********8836,1952-02-19
P1650,Aadhya,Mehta,16,F,a***,******0701,********7210,2010-06-12
P1651,Krishna,Singh,72,M,k***,******8271,********1260,1954-12-14
P1652,Aarav,Chatterjee,76,M,a***,******4412,********5213,1950-02-01
P1653,Shaurya,Reddy,24,F,s***,******7642,********7041,2002-03-02
P1654,Ishaan,Nair,28,M,i***,******9345,********8436,1998-03-09
P1655,Aditya,Singh,8,M,a***,******0915,********9177,2018-06-21
P1656,Aarav,Chatterjee,36,M,a***,******8815,********5950,1990-04-10
P1657,Sai,Kulkarni,8,F,s***,******5921,********3419,2018-10-02
P1658,Saanvi,Joshi,58,F,s***,******9185,********8356,1968-12-12
P1659,Riya,Mishra,60,F,r***,******0197,********7904,1966-03-05
P1660,Anika,Das,50,F,a***,******1616,********8572,1976-06-10
P1661,Krishna,Nair,28,F,k***,******3526,********7102,1998-05-18
P1662,Ira,Verma,41,F,i***,******4129,********5511,1985-03-23
P1663,Saanvi,Das,64,F,s***,******0077,********4669,1962-11-05
P1664,Myra,Naidu,27,M,m***,******0404,********0903,1999-12-27
P1665,Vivaan,Singh,63,M,v***,******9933,********6715,1963-08-15
P1666,Diya,Das,17,F,d***,******5692,********1559,2009-08-07
P1667,Shaurya,Agarwal,73,M,s***,******2947,********9096,1953-01-26
P1668,Ishaan,Banerjee,33,M,i***,******9729,********1214,1993-07-03
P1669,Myra,Mehta,84,F,m***,******2916,********4235,1942-07-16
P1670,Aarav,Banerjee,77,M,a***,******5282,********1992,1949-06-22
P1671,Aadhya,Verma,29,M,a***,******4880,********0727,1997-11-19
P1672,Diya,Joshi,13,M,d***,******4410,********3390,2013-06-27
P1673,Muhammad,Das,46,M,m***,******0400,********5868,1980-06-04
P1674,Myra,Agarwal,35,M,m***,******3407,********4649,1991-02-03
P1675,Myra,Das,6,F,m***,******9095,********7890,2020-11-10
P1676,Reyansh,Reddy,82,F,r***,******4901,********7660,1944-06-26
P1677,Diya,Naidu,69,F,d***,******3124,********0258,1957-12-20
P1678,Arjun,Joshi,47,M,a***,******7147,********0962,1979-11-13
P1679,Sai,Pillai,25,F,s***,******4059,********9648,2001-03-11
P1680,Ira,Iyer,66,M,i***,******2973,********1960,1960-12-24
P1681,Anika,Agarwal,10,M,a***,******9622,********6404,2016-02-05
P1682,Krishna,Nair,56,M,k***,******1815,********1175,1970-04-13
P1683,Arjun,Das,30,M,a***,******8766,********5722,1996-05-01
P1684,Kavya,Banerjee,5,F,k***,******0205,********8413,2021-10-01
P1685,Myra,Ghosh,33,F,m***,******2815,********2312,1993-05-09
P1686,Ishaan,Khan,65,M,i***,******1865,********3423,1961-11-28
P1687,Aadhya,Pillai,18,F,a***,******2235,********6945,2008-10-04
P1688,Saanvi,Gupta,49,M,s***,******1296,********8496,1977-05-20
P1689,Ira,Patel,11,F,i***,******8529,********1355,2015-03-25
P1690,Krishna,Kulkarni,85,F,k***,******3356,********8164,1941-10-07
P1691,Vivaan,Agarwal,26,M,v***,******9713,********5330,2000-08-16
P1692,Sara,Verma,63,F,s***,******0048,********3904,1963-01-21
P1693,Ira,Gupta,89,M,i***,******3751,********0171,1937-07-24
P1694,Saanvi,Patel,86,F,s***,******9806,********6477,1940-11-04
P1695,Kavya,iyer,59,M,k***,******7949,********2135,1967-09-01
P1695,Kavya,Iyer,59,M,k***,******7240,********6422,1967-10-15
P1696,Riya,Sharma,27,M,r***,******0849,********9774,1999-06-25
P1697,Aditya,Nair,49,F,a***,******8826,********1703,1977-01-22
P1698,Ira,Naidu,77,F,i***,******9972,********8547,1949-11-05
P1699,Vivaan,Agarwal,33,M,v***,******1408,********3146,1993-03-22
P1700,Kavya,Pillai,1,F,k***,******1146,********0787,2025-06-09
P1701,Aditya,Gupta,21,F,a***,******2915,********0745,2005-02-02
P1702,Aadhya,Mehta,55,M,a***,******2501,********7861,1971-11-02
P1703,Aditya,Joshi,6,M,a***,******1983,********1439,2020-12-23
P1704,Shaurya,Singh,81,F,s***,******7514,********4940,1945-02-06
P1705,Saanvi,Sharma,69,M,s***,******2650,********7207,1957-07-11
P1706,Arjun,Patel,5,M,a***,******7655,********7371,2021-01-27
P1707,Saanvi,Das,3,M,s***,******9935,********5775,2023-09-09
P1708,Anika,Ghosh,53,F,a***,******2693,********1480,1973-03-14
P1709,Sai,Patel,23,F,s***,******4575,********3614,2003-11-22
P1710,Vivaan,Verma,53,M,v***,******1958,********4309,1973-09-23
P1711,Ira,Joshi,37,F,i***,******3722,********7284,1989-10-18
P1711,Ira,Joshi,37,F,i***,******4151,********9107,1989-05-01
P1712,Krishna,Joshi,74,M,k***,******1598,********2142,1952-12-07
P1713,Kavya,Verma,74,F,k***,******6300,********1449,1952-05-06
P1714,Ira,Joshi,83,M,i***,******8247,********3441,1943-05-19
P1715,Vivaan,Mishra,17,M,v***,******0359,********7567,2009-07-14
P1716,Shaurya,Mehta,85,F,s***,******4081,********8529,1941-09-19
P1717,Arjun,Pillai,78,M,a***,******4961,********1041,1948-06-20
P1718,Aditya,Joshi,73,F,a***,******0225,********8287,1953-03-08
P1719,Shaurya,Ghosh,1,F,s***,******6985,********2918,2025-02-08
P1720,Anika,Agarwal,51,M,a***,******7033,********7238,1975-05-27
P1721,Kavya,Kulkarni,45,M,k***,******3185,********2883,1981-08-16
P1722,Shaurya,Naidu,77,F,s***,******0816,********7662,1949-01-10
P1723,Kavya,Iyer,4,M,k***,******4893,********5277,2022-05-01
P1724,Myra,Patel,62,M,m***,******6364,********2595,1964-08-23
P1725,Aadhya,Singh,65,M,a***,******5386,********9884,1961-03-23
P1726,Muhammad,Reddy,32,M,m***,******4817,********1775,1994-04-25
P1727,Aadhya,das,34,M,a***,******8884,********1759,1992-11-27
P1727,Aadhya,Das,34,M,a***,******2082,********4774,1992-04-07
P1728,Ira,patel,72,F,i***,******1617,********2056,1954-10-18
P1728,Ira,Patel,72,F,i***,******9036,********5982,1954-02-15
P1729,Aarav,Naidu,39,F,a***,******3527,********3098,1987-06-01
P1730,Myra,Patel,26,M,m***,******7681,********9389,2000-09-10
P1731,Krishna,Mishra,34,M,k***,******0347,********4350,1992-03-07
P1732,Ira,Reddy,54,M,i***,******2746,********1699,1972-02-18
P1733,Anika,Nair,3,F,a***,******6188,********7430,2023-01-01
P1734,Aadhya,Naidu,50,M,a***,******8806,********6821,1976-08-04
P1735,Aarav,Kulkarni,12,F,a***,******0669,********0368,2014-10-02
P1736,Aarav,Naidu,65,F,a***,******6113,********5593,1961-05-05
P1737,Ishaan,Chatterjee,54,F,i***,******1677,********3745,1972-09-10
P1738,Ananya,Pillai,5,M,a***,******2191,********4132,2021-09-08
P1739,Sai,Pillai,57,F,s***,******9713,********7044,1969-10-13
P1740,Sara,Chatterjee,17,M,s***,******3910,********0336,2009-03-22
P1741,Anika,Ghosh,47,F,a***,******1742,********9305,1979-12-27
P1742,Aditya,Mehta,23,M,a***,******7447,********9984,2003-03-13
P1743,Saanvi,Mishra,79,F,s***,******7244,********9609,1947-05-12
P1744,Saanvi,Pillai,85,M,s***,******3824,********7707,1941-01-15
P1745,Muhammad,Kulkarni,14,F,m***,******9319,********8517,2012-03-09
P1746,Aarav,Mishra,66,M,a***,******5891,********0287,1960-10-11
P1747,Kavya,Joshi,75,M,k***,******7317,********5118,1951-08-04
P1748,Sara,Singh,51,M,s***,******3959,********2059,1975-06-11
P1749,Sara,Agarwal,38,M,s***,******4202,********9019,1988-04-26
P1750,Ananya,Verma,64,F,a***,******3535,********9898,1962-12-14
P1751,Sai,Reddy,38,F,s***,******4119,********3943,1988-06-08
P1752,Ira,Singh,50,M,i***,******4256,********8815,1976-11-16
P1753,Diya,Reddy,82,F,d***,******5743,********2944,1944-06-11
P1754,Arjun,Gupta,30,M,a***,******6530,********0216,1996-05-25
P1755,Reyansh,Verma,79,M,r***,******3403,********8866,1947-06-05
P1756,Ira,Nair,51,F,i***,******6473,********0157,1975-07-21
P1757,Anika,Ghosh,63,M,a***,******3993,********9957,1963-07-11
P1758,Shaurya,Agarwal,52,M,s***,******7238,********9889,1974-09-28
P1759,Vivaan,Pillai,38,F,v***,******3943,********4995,1988-02-12
P1760,Sai,Agarwal,88,M,s***,******3255,********9134,1938-03-04
P1761,Myra,Joshi,79,M,m***,******6972,********5349,1947-07-24
P1762,Sara,Nair,30,M,s***,******0057,********1241,1996-06-26
P1763,Sara,Patel,51,M,s***,******8560,********1506,1975-02-23
P1764,Myra,Gupta,81,F,m***,******9023,********3472,1945-08-27
P1765,Saanvi,Gupta,5,F,s***,******9088,********7893,2021-12-06
P1766,Ira,Banerjee,29,F,i***,******4681,********2434,1997-11-16
P1767,Sai,Singh,4,M,s***,******8074,********6753,2022-11-14
P1768,Krishna,Ghosh,10,M,k***,******6405,********6304,2016-05-17
P1769,Aditya,Ghosh,56,F,a***,******7000,********6404,1970-08-24
P1770,Myra,Mehta,17,M,m***,******5620,********3199,2009-06-05
P1771,Kavya,Reddy,74,M,k***,******7184,********8358,1952-04-06
P1772,Sai,Chatterjee,17,M,s***,******3896,********3000,2009-09-04
P1773,Saanvi,Singh,84,M,s***,******8571,********0416,1942-11-13
P1774,Aditya,Ghosh,88,F,a***,******8542,********2196,1938-04-27
P1775,Kavya,Das,69,F,k***,******2258,********1497,1957-07-10
P1776,Ananya,Banerjee,34,F,a***,******2289,********6076,1992-06-25
P1777,Arjun,Sharma,6,M,a***,******1597,********9145,2020-03-26
P1778,Krishna,Verma,53,F,k***,******6140,********9789,1973-04-02
P1779,Muhammad,Naidu,66,F,m***,******9789,********0438,1960-08-18
P1780,Reyansh,Naidu,77,M,r***,******8933,********6162,1949-01-06
P1781,Arjun,Singh,43,M,a***,******2642,********7286,1983-07-01
P1781,ArjunSingh,,43,M,a***,******2441,********2483,1983-10-23
P1782,Sara,Nair,75,F,s***,******4290,********5622,1951-08-03
P1783,Anika,Kulkarni,23,F,a***,******1918,********9792,2003-02-12
P1784,Ira,Kulkarni,55,F,i***,******5234,********9648,1971-09-21
P1785,Aadhya,Kulkarni,80,F,a***,******1420,********2896,1946-06-19
P1786,Krishna,Verma,75,M,k***,******1325,********9222,1951-08-28
P1787,Reyansh,Mehta,16,F,r***,******3612,********8138,2010-07-13
P1788,Reyansh,Mishra,8,F,r***,******9366,********4268,2018-08-16
P1789,Anika,Ghosh,4,M,a***,******6021,********3983,2022-07-12
P1790,Sai,Banerjee,4,F,s***,******7395,********1548,2022-01-20
P1791,Ananya,Joshi,56,M,a***,******5166,********0797,1970-08-06
P1792,Ishaan,Chatterjee,25,M,i***,******0063,********1070,2001-06-04
P1793,Anika,Joshi,67,M,a***,******1740,********0660,1959-02-07
P1794,Krishna,Joshi,67,F,k***,******1695,********8620,1959-05-09
P1795,Sara,Chatterjee,27,F,s***,******5063,********1212,1999-06-19
P1796,Diya,Agarwal,32,M,d***,******9566,********2406,1994-12-10
P1797,Anika,Joshi,50,F,a***,******1347,********4474,1976-02-16
P1798,Aarav,Mishra,61,F,a***,******4710,********9365,1965-11-26
P1799,Muhammad,Singh,51,M,m***,******4224,********7401,1975-09-22
P1800,Reyansh,Joshi,19,M,r***,******5515,********5150,2007-03-14
P1801,Arjun,Sharma,21,F,a***,******8632,********0797,2005-10-19
P1802,Myra,Gupta,5,M,m***,******4141,********0381,2021-07-14
P1803,Krishna,Singh,82,F,k***,******0563,********9225,1944-01-03
P1804,Muhammad,Banerjee,42,F,m***,******2930,********2441,1984-03-08
P1805,Kavya,Patel,61,F,k***,******5965,********1786,1965-12-07
P1806,Sai,Ghosh,22,F,s***,******2034,********5469,2004-07-18
P1807,Aadhya,Kulkarni,21,M,a***,******8145,********5809,2005-10-25
P1807,Aadhya,Kulkarni,21,M,a***,******3317,********1562,2005-07-05
P1808,Aditya,Joshi,70,M,a***,******9993,********1715,1956-11-24
P1809,Diya,Mishra,1,M,d***,******5514,********0766,2025-01-10
P1810,Ishaan,Naidu,5,M,i***,******6236,********5126,2021-09-25
P1811,Muhammad,Banerjee,12,F,m***,******7051,********6074,2014-01-04
P1811,Muhammad,Bbanerjee,12,F,m***,******5052,********8424,2014-06-14
P1811,Muhammad,Banerjee,12,F,m***,******1549,********3218,2014-02-05
P1812,Muhammad,Patel,46,F,m***,******0681,********0155,1980-01-05
P1813,Kavya,Joshi,34,M,k***,******5954,********4161,1992-04-19
P1814,Reyansh,Pillai,49,F,r***,******5575,********6424,1977-09-22
P1815,Myra,Agarwal,78,F,m***,******6885,********4479,1948-11-11
P1816,Shaurya,Joshi,45,F,s***,******3760,********9695,1981-09-13
P1817,Reyansh,Patel,27,M,r***,******0534,********8264,1999-07-02
P1818,Aditya,Das,73,M,a***,******3476,********4577,1953-01-05
P1819,Vivaan,Joshi,26,M,v***,******9588,********3682,2000-07-20
P1820,Myra,Banerjee,47,F,m***,******3004,********8653,1979-07-20
P1821,Aadhya,Pillai,86,M,a***,******7727,********6774,1940-08-06
P1822,Ira,Agarwal,56,M,i***,******5531,********6663,1970-11-01
P1823,Reyansh,Banerjee,63,M,r***,******0594,********5932,1963-10-21
P1824,Ira,Agarwal,48,M,i***,******2212,********5327,1978-12-07
P1825,Ishaan,Iyer,61,M,i***,******6943,********7327,1965-09-21
P1826,Ananya,Agarwal,81,M,a***,******1192,********6164,1945-12-18
P1827,Ananya,Khan,26,F,a***,******8471,********7611,2000-03-28
P1828,Reyansh,Banerjee,36,F,r***,******5388,********4151,1990-08-23
P1829,Ananya,Reddy,1,M,a***,******1709,********4902,2025-03-17
P1830,Myra,Joshi,8,M,m***,******0065,********7742,2018-12-26
P1831,Diya,Banerjee,52,F,d***,******3849,********2904,1974-06-24
P1832,Kavya,Banerjee,79,F,k***,******7289,********5672,1947-09-16
P1833,Aadhya,Das,47,M,a***,******4854,********4913,1979-06-16
P1834,Riya,Singh,56,M,r***,******6903,********8148,1970-09-28
P1835,Ishaan,Naidu,86,M,i***,******7726,********3372,1940-01-20
P1836,Saanvi,Chatterjee,14,M,s***,******6189,********3997,2012-08-04
P1837,Ananya,Gupta,28,F,a***,******1535,********1893,1998-10-16
P1838,Ishaan,Kulkarni,87,M,i***,******0167,********4694,1939-08-21
P1839,Ishaan,Nair,78,M,i***,******1690,********4884,1948-11-15
P1840,Aditya,Joshi,88,M,a***,******5512,********6417,1938-06-21
P1841,Diya,Das,2,M,d***,******1584,********7149,2024-04-19
P1842,Ira,Banerjee,26,F,i***,******0042,********7964,2000-04-09
P1843,Vivaan,Patel,14,F,v***,******3949,********9660,2012-07-02
P1844,Vivaan,Pillai,59,F,v***,******4641,********5056,1967-07-11
P1845,Aadhya,Sharma,56,M,a***,******1850,********2579,1970-08-02
P1846,Vivaan,Verma,7,M,v***,******0238,********4857,2019-05-04
P1847,Ananya,Agarwal,3,F,a***,******9762,********3817,2023-04-11
P1848,Kavya,Reddy,23,M,k***,******4623,********3257,2003-04-15
P1849,Anika,Nair,18,M,a***,******8711,********6708,2008-01-17
P1850,Aarav,Agarwal,38,F,a***,******1423,********5119,1988-02-18
P1851,Reyansh,Patel,15,F,r***,******0532,********4772,2011-11-11
P1852,Sai,Gupta,64,F,s***,******2752,********4096,1962-01-01
P1853,Diya,Agarwal,89,F,d***,******8441,********9592,1937-04-25
P1854,Kavya,Banerjee,28,M,k***,******9665,********5155,1998-04-22
P1855,Muhammad,Naidu,74,M,m***,******8081,********7160,1952-08-28
P1856,Diya,Khan,39,F,d***,******3440,********1289,1987-12-17
P1857,Ira,Khan,57,M,i***,******9890,********3185,1969-08-09
P1858,Myra,Gupta,17,F,m***,******0359,********4164,2009-04-23
P1858,myra,Gupta,17,F,m***,******0516,********0282,2009-03-23
P1859,Shaurya,Khan,86,F,s***,******3093,********2282,1940-12-26
P1860,Sara,Chatterjee,44,M,s***,******8307,********9500,1982-06-01
P1861,Ananya,Mishra,25,F,a***,******7448,********2105,2001-04-03
P1862,Diya,Joshi,17,M,d***,******9944,********4774,2009-03-11
P1863,Diya,Agarwal,13,M,d***,******8259,********2231,2013-12-04
P1864,Anika,Singh,84,M,a***,******6848,********9889,1942-05-25
P1865,Ishaan,Mehta,25,M,i***,******1549,********0203,2001-03-13
P1866,Ishaan,Gupta,68,F,i***,******3453,********7948,1958-08-04
P1867,Kavya,Das,10,M,k***,******4359,********8415,2016-07-21
P1868,Myra,Patel,67,F,m***,******8281,********4768,1959-02-28
P1869,Ira,Reddy,18,F,i***,******4753,********9298,2008-09-02
P1870,Reyansh,Patel,86,F,r***,******7767,********3289,1940-07-28
P1871,Ananya,Kulkarni,34,F,a***,******9054,********2401,1992-05-23
P1872,Krishna,Joshi,8,M,k***,******8755,********2362,2018-11-14
P1873,Shaurya,Reddy,40,M,s***,******3551,********2372,1986-11-09
P1874,Muhammad,Naidu,83,F,m***,******2200,********7418,1943-12-20
P1875,Ishaan,Agarwal,42,F,i***,******4355,********9274,1984-04-17
P1875,Ishaan,Agarwal,42,F,i***,******0569,********1444,1984-11-17
P1876,Arjun,Ghosh,41,M,a***,******2690,********7396,1985-11-09
P1877,Ananya,Khan,6,F,a***,******5640,********1919,2020-02-04
P1878,Kavya,Sharma,52,M,k***,******1319,********8066,1974-11-01
P1879,Arjun,Kulkarni,26,F,a***,******4873,********5534,2000-08-26
P1880,Reyansh,Khan,64,M,r***,******3412,********2715,1962-06-20
P1881,Shaurya,Gupta,59,F,s***,******5950,********6347,1967-06-11
P1882,Krishna,Ghosh,56,F,k***,******9026,********8848,1970-09-06
P1883,Riya,Chatterjee,59,M,r***,******6186,********5626,1967-02-28
P1884,Ananya,Chatterjee,70,F,a***,******6573,********7333,1956-04-15
P1885,Ira,Chatterjee,33,F,i***,******4107,********8936,1993-03-28
P1886,Diya,Pillai,53,M,d***,******0042,********3585,1973-02-23
P1887,Ira,Gupta,22,F,i***,******5406,********5193,2004-12-12
P1888,Muhammad,Naidu,21,M,m***,******7507,********6120,2005-09-15
P1889,Aadhya,Patel,70,M,a***,******5986,********0976,1956-12-25
P1889,AadhyapPatel,,70,M,a***,******3681,********6289,1956-06-28
P1890,Reyansh,Sharma,70,F,r***,******6275,********2339,1956-03-27
P1891,Shaurya,Banerjee,4,F,s***,******5469,********6672,2022-06-06
P1892,Aadhya,Mehta,75,F,a***,******6877,********3351,1951-06-15
P1893,Ananya,Nair,62,F,a***,******5151,********8005,1964-07-10
P1894,Krishna,Naidu,62,F,k***,******6118,********1295,1964-10-06
P1895,Riya,Kulkarni,24,F,r***,******0074,********4152,2002-10-17
P1896,Saanvi,Khan,55,F,s***,******8745,********7181,1971-06-08
P1897,Krishna,Mehta,9,M,k***,******8928,********1815,2017-09-19
P1898,Shaurya,Singh,3,F,s***,******0386,********6666,2023-02-16
P1899,Shaurya,Ghosh,31,M,s***,******1137,********0803,1995-02-10
P1900,Riya,Iyer,40,F,r***,******5959,********5806,1986-12-17
P1901,Aarav,Patel,36,F,a***,******1415,********1373,1990-10-21
P1902,Vivaan,Pillai,24,M,v***,******9511,********6356,2002-01-05
P1903,Aarav,Nair,6,F,a***,******3742,********6664,2020-04-27
P1904,Shaurya,Joshi,66,F,s***,******4283,********1271,1960-03-18
P1905,Vivaan,Pillai,84,M,v***,******8747,********1163,1942-02-18
P1905,Vivaan,Pillai,84,M,v***,******8723,********6211,1942-04-14
P1906,Sai,Chatterjee,75,F,s***,******5484,********0902,1951-06-28
P1907,Sai,Sharma,4,F,s***,******5498,********1323,2022-06-22
P1908,Aadhya,Sharma,79,F,a***,******6016,********8501,1947-11-03
P1909,Ananya,Chatterjee,6,M,a***,******1903,********6090,2020-07-25
P1910,Krishna,Sharma,51,F,k***,******4444,********4967,1975-12-08
P1911,Shaurya,Joshi,62,F,s***,******7962,********4264,1964-03-12
P1912,Diya,kulkarni,57,F,d***,******5867,********2536,1969-07-14
P1912,Diya,Kulkarni,57,F,d***,******6352,********3333,1969-10-07
P1913,Ananya,Nair,66,F,a***,******6118,********1874,1960-10-14
P1914,Diya,Banerjee,79,M,d***,******3248,********0369,1947-11-06
P1915,Sai,Patel,75,M,s***,******4209,********2759,1951-10-17
P1916,Myra,Das,8,F,m***,******4295,********5323,2018-05-27
P1917,Krishna,Gupta,26,F,k***,******9920,********1822,2000-03-14
P1918,Ananya,Ghosh,51,M,a***,******2308,********1026,1975-08-13
P1919,Aarav,Iyer,45,M,a***,******8262,********0795,1981-06-03
P1920,Reyansh,Agarwal,44,F,r***,******5140,********4159,1982-08-01
P1921,Ishaan,Chatterjee,5,M,i***,******6961,********5203,2021-12-10
P1922,Aditya,Ghosh,70,F,a***,******6172,********2909,1956-01-10
P1923,Sai,Gupta,26,M,s***,******8545,********6652,2000-06-24
P1924,Anika,Reddy,68,M,a***,******7670,********0213,1958-02-06
P1925,Diya,Naidu,19,M,d***,******2816,********1297,2007-11-28
P1926,Krishna,Iyer,84,M,k***,******6858,********0633,1942-01-23
P1927,Sai,Reddy,20,F,s***,******2199,********4907,2006-03-17
P1928,Shaurya,Agarwal,12,M,s***,******8473,********3253,2014-03-13
P1929,Aarav,Sharma,47,M,a***,******3649,********8044,1979-03-03
P1930,Vivaan,Gupta,1,F,v***,******5834,********5959,2025-11-03
P1931,Arjun,Verma,14,M,a***,******0209,********5833,2012-10-06
P1931,Arjun,Verma,14,M,a***,******6808,********2660,2012-03-26
P1932,Ira,Gupta,64,M,i***,******2108,********2310,1962-07-16
P1933,Ira,Khan,38,F,i***,******9456,********3379,1988-12-16
P1934,Shaurya,Verma,37,M,s***,******6116,********4238,1989-08-26
P1935,Myra,Kulkarni,11,F,m***,******7747,********1928,2015-05-11
P1936,Riya,Verma,77,F,r***,******0123,********3535,1949-11-16
P1937,Anika,Gupta,3,F,a***,******5036,********3379,2023-08-01
P1938,Reyansh,Joshi,33,F,r***,******0771,********4176,1993-04-26
P1939,Reyansh,Mishra,6,M,r***,******8439,********7824,2020-06-16
P1940,Reyansh,Reddy,50,F,r***,******9762,********8436,1976-07-23
P1941,Riya,Naidu,10,M,r***,******3602,********7276,2016-09-06
P1942,Riya,Pillai,5,M,r***,******1910,********4292,2021-06-01
P1943,Shaurya,Naidu,23,M,s***,******7550,********6562,2003-06-20
P1944,Riya,Gupta,10,M,r***,******7555,********1221,2016-09-06
P1944,RiyaGupta,,10,M,r***,******9537,********6808,2016-07-21
P1945,Riya,Verma,44,M,r***,******5227,********0800,1982-11-27
P1946,Aditya,Mehta,2,M,a***,******1106,********6608,2024-05-16
P1947,Muhammad,Sharma,13,M,m***,******1380,********7051,2013-10-12
P1948,Ishaan,Verma,40,M,i***,******0378,********5862,1986-04-25
P1949,Saanvi,Ghosh,2,M,s***,******1333,********7986,2024-04-06
P1950,Arjun,Mehta,84,M,a***,******3480,********5703,1942-10-27
P1951,Vivaan,Banerjee,65,F,v***,******8785,********6576,1961-10-25
P1952,Myra,Das,63,F,m***,******4596,********0900,1963-05-01
P1953,Kavya,Iyer,73,F,k***,******7590,********5146,1953-11-01
P1954,Anika,Agarwal,17,M,a***,******1181,********2011,2009-12-08
P1955,Aarav,Das,9,F,a***,******2059,********6007,2017-07-27
P1956,Aarav,Iyer,75,F,a***,******9395,********4043,1951-04-23
P1957,Ishaan,Verma,15,F,i***,******7845,********5195,2011-08-27
P1958,Arjun,Ghosh,24,M,a***,******2887,********9657,2002-06-25
P1959,Sai,Khan,38,M,s***,******0101,********2557,1988-08-25
P1960,Kavya,Mishra,35,M,k***,******8616,********2361,1991-07-04
P1961,Muhammad,Iyer,49,M,m***,******2800,********7155,1977-09-13
P1962,Krishna,Singh,69,F,k***,******6149,********0817,1957-03-03
P1963,Sara,Pillai,62,F,s***,******4685,********0413,1964-03-27
P1964,Shaurya,Verma,60,F,s***,******2580,********5653,1966-05-14
P1965,Aarav,Banerjee,50,F,a***,******1852,********0476,1976-09-25
P1966,Riya,Singh,78,M,r***,******9106,********1748,1948-02-03
P1967,Ananya,Iyer,75,M,a***,******5591,********8739,1951-07-04
P1968,Shaurya,Patel,9,M,s***,******9607,********9680,2017-05-19
P1969,Shaurya,Chatterjee,34,F,s***,******3752,********1213,1992-08-16
P1970,Vivaan,Verma,76,M,v***,******4153,********7371,1950-02-06
P1971,Vivaan,Ghosh,35,M,v***,******1620,********8581,1991-07-16
P1972,Aditya,Joshi,1,F,a***,******4025,********6832,2025-02-01
P1973,Kavya,Mishra,40,F,k***,******4480,********1296,1986-02-18
P1974,Kavya,Mishra,64,M,k***,******6098,********0184,1962-10-17
P1975,Riya,Patel,22,M,r***,******0408,********7312,2004-07-18
P1976,Reyansh,Khan,60,M,r***,******6986,********2365,1966-04-27
P1977,Shaurya,Joshi,64,M,s***,******3412,********7932,1962-08-20
P1978,Vivaan,Sharma,72,M,v***,******1192,********9061,1954-09-03
P1979,Kavya,Gupta,11,M,k***,******0295,********5478,2015-08-13
P1980,Arjun,Ghosh,14,F,a***,******7212,********4444,2012-10-17
P1981,Diya,Gupta,60,F,d***,******8818,********6449,1966-07-22
P1982,Aadhya,Das,30,F,a***,******3389,********9821,1996-12-24
P1982,Aadhya,Das,30,F,a***,******5013,********4978,1996-06-05
P1983,Muhammad,Khan,35,M,m***,******8137,********7789,1991-05-17
P1984,Ishaan,Singh,85,F,i***,******8650,********6512,1941-03-04
P1985,Aadhya,Nair,37,M,a***,******0578,********6309,1989-01-01
P1985,AadhyaNair,,37,M,a***,******1470,********9485,1989-04-05
P1986,Diya,Khan,5,M,d***,******8394,********1994,2021-08-04
P1987,Saanvi,Patel,83,F,s***,******1041,********1034,1943-07-19
P1988,Kavya,Iyer,78,M,k***,******6243,********6960,1948-09-25
P1989,Reyansh,Chatterjee,26,M,r***,******2352,********9679,2000-04-12
P1990,Arjun,Agarwal,62,F,a***,******8953,********4343,1964-07-20
P1991,Aarav,Sharma,4,F,a***,******5354,********5607,2022-07-24
P1991,Aarav,Shhharma,4,F,a***,******7919,********2239,2022-11-17
P1992,Diya,Singh,89,F,d***,******9636,********8041,1937-09-09
P1993,Muhammad,Naidu,42,M,m***,******0435,********8131,1984-10-02
P1994,Diya,Kulkarni,89,F,d***,******8553,********1114,1937-03-18
P1994,DiyaKulkarni,,89,F,d***,******0229,********2480,1937-09-17
P1995,Arjun,Verma,18,F,a***,******0502,********9473,2008-08-06
P1996,Ira,Nair,40,M,i***,******9487,********8768,1986-09-24
P1997,Aadhya,Reddy,72,F,a***,******0262,********2872,1954-01-07
P1998,Shaurya,Kulkarni,39,F,s***,******9851,********5730,1987-04-14
P1999,Ananya,Pillai,14,F,a***,******9290,********4767,2012-12-15
P1999,AnanyaPillai,,14,F,a***,******3844,********0576,2012-11-28
